HOid,HOUserName,HOFullName,HOPassword
1,jrenner0,Julieta Renner,ZIxs1z8
2,mackwood1,Meggi Ackwood,vhksIEp
3,alackeye2,Annabela Lackeye,exBEyvgYlZ
4,bcaret3,Blinnie Caret,GFH5BcDkoo
5,tcursons4,Trent Cursons,nsIQEUqZjRtB
6,eaxel5,Elfrida Axel,KT0LfDG7N
7,mling6,Miguel Ling,6OxRXr
8,kkrienke7,Kelly Krienke,z3FOPadC0Iw
9,aswiffin8,Ainslie Swiffin,RC4XHEbrzirI
10,fyoxen9,Farra Yoxen,9cYcHRfL
11,wneedsa,Winne Needs,hCSPs159
12,hivermeeb,Hyacinthie Ivermee,BsDhXp9
13,hfotittc,Halli Fotitt,uvq50BJFroU
14,cthorogoodd,Clarissa Thorogood,XOlK8ZhCe
15,avedntyeve,Arnold Vedntyev,6etO86BRI
16,bcallanderf,Brynna Callander,EJSgGVU9
17,ckeymarg,Conn Keymar,HE7DxVD2TxST
18,smandrakeh,Spike Mandrake,EBeOxJ92nQ
19,lhaysomi,Leandra Haysom,StPuRvxHTNJe
20,aixorj,Andra Ixor,n5kMNs
21,llamploughk,Lonnie Lamplough,vtzKCsnpAO5
22,wdelafieldl,Webb DelaField,4KhMtMEn
23,sstovinm,Stanislaw Stovin,wMXprEGL6L9e
24,mjohnken,Marney Johnke,Z04St2
25,rlinscotto,Raf Linscott,Tgmhxyubao
26,thewkinp,Ted Hewkin,mRyy0Phv
27,kleatherbarrowq,Katie Leatherbarrow,xl1AO5
28,jfullalover,Josselyn Fullalove,5Ctjypqhnb
29,kdeloozes,Kipp Delooze,vQWxvMx8G
30,mbenbrickt,Merv Benbrick,27c1ZZVD6mx
31,kcellau,Katrine Cella,Ci5GCyY
32,kchristiensenv,Kitty Christiensen,swLVlQ
33,mmollinw,Maggee Mollin,W80ix1okE1a
34,wtebbittx,Wynn Tebbitt,YBHbhZwZXs
35,jpolfery,Janna Polfer,pdWahYx6dN
36,mmallyaz,Melisenda Mallya,3T0ff7Jc
37,adriscoll10,Alex Driscoll,RSfBY9
38,gagott11,Georgianne Agott,JNGNDOe
39,ainsull12,Arly Insull,KzKeJU2X
40,nattwater13,Natividad Attwater,TC96VG1ja
41,breiling14,Brant Reiling,Eiz1JBg5ZH1L
42,arivalant15,Aurora Rivalant,JWHygCBaa
43,jerington16,Joy Erington,oWSn6bl
44,rfinessy17,Rubia Finessy,Mt9ZLsurLV
45,abevans18,Axel Bevans,vejAtliwKauM
46,psinnott19,Perry Sinnott,hwoO6bkWa
47,blaight1a,Boothe Laight,Vln5NFQMpuar
48,jbenes1b,Jacqueline Benes,EVehRs80Rb
49,bfulham1c,Binny Fulham,5eYXkCF
50,rdarragon1d,Rick Darragon,Iu3K5Zn
51,ddonahue1e,Dagmar Donahue,WhVrBOiHj3EB
52,jgainsburgh1f,Jeramie Gainsburgh,VAqF9keklfLA
53,evooght1g,Eddy Vooght,YwIIwbqNZXDp
54,selsy1h,Sherie Elsy,LstFx5IqE1
55,cramlot1i,Chucho Ramlot,cEeI8LSDYQW
56,nmckernon1j,Nevile McKernon,NHDpeYRUqMq6
57,gwrightson1k,Gayle Wrightson,L4uin7f
58,lharnwell1l,Lanny Harnwell,JRsd2do5q
59,bsarfat1m,Burton Sarfat,QQwxOsO
60,egilcriest1n,Emilee Gilcriest,THWt8qjbq
61,biwanicki1o,Bobbye Iwanicki,l8dDcV4VvjJ
62,kcraiker1p,Klarika Craiker,zcSGDX6
63,dconnikie1q,Donetta Connikie,44Pvfjs
64,mdeshorts1r,Melvin Deshorts,lPaTJx
65,pinworth1s,Penn Inworth,rStOetCQ
66,kbrazear1t,Katrine Brazear,un5zeI7U
67,cmucklow1u,Christina Mucklow,Cg99Xok19
68,crickell1v,Caldwell Rickell,MzmQU5GVKo
69,rruecastle1w,Rodolph Ruecastle,hMh3ICWqLp
70,alantuffe1x,Aeriell Lantuffe,aW9RSBG6
71,cbeverley1y,Cher Beverley,xadBEw5
72,rcure1z,Rancell Cure,MeH6PMdkvnN
73,jgreenin20,Jehanna Greenin,rvq4mHDYr
74,lvennart21,Lisette Vennart,yLWHbE
75,apietsma22,Arabella Pietsma,2dOrgN2fm
76,cdominka23,Carlene Dominka,P96CFra
77,oduckerin24,Oralia Duckerin,OP3SfFx2G
78,nstilgoe25,Noami Stilgoe,RrfV9cxNXV
79,fkarpenya26,Felicity Karpenya,H2tq2m
80,cbausmann27,Catie Bausmann,vrSkTM
81,mcardo28,Milzie Cardo,hb18tnrp
82,lscay29,Luz Scay,UKf7IY
83,gdailly2a,Gordie Dailly,qYzIOuTU0
84,ccancelier2b,Corenda Cancelier,IZ59ELJX
85,abadini2c,Addi Badini,KDZ29ONVw
86,wbraden2d,Willamina Braden,EcMD80Nybxu3
87,jhuyhton2e,Junina Huyhton,wx98M8Tm
88,enixon2f,Efren Nixon,nvdU6YyB
89,alardner2g,Alexine Lardner,vaDB9kWflF
90,eklawi2h,Edeline Klawi,fZJeJw0ypc
91,aboothby2i,Alanah Boothby,FtXOZW1
92,wdesousa2j,Wain DeSousa,iU90Kovc4mk
93,cgawthorp2k,Clementine Gawthorp,bjNiAQYxTfN
94,nfeldfisher2l,Nalani Feldfisher,EA9rAE6oje
95,wgeale2m,Wandis Geale,5TVSS1pD
96,garntzen2n,Gabbie Arntzen,MgxAhLZrhUJA
97,achatelain2o,Ashby Chatelain,tg8lX4Vs
98,tlerer2p,Travis Lerer,B7ED77aB6L
99,lrome2q,Letitia Rome,JhxihL5U
100,rboutflour2r,Rosalynd Boutflour,LStDxX0aUu
101,cduckhouse2s,Cirstoforo Duckhouse,wC1Xfav6s4
102,kphorsby2t,Kennan Phorsby,91xZnJoPJJ
103,pbrennans2u,Pearce Brennans,fxviPBd
104,mcarress2v,Malia Carress,FETLQc5
105,ttemporal2w,Tildy Temporal,AIg23X8V
106,gmacbarron2x,Glenna MacBarron,I9FZg5d3Hp
107,mdoyley2y,Mercie Doyley,qK7T28t
108,nshowler2z,Neddie Showler,B09FYEE
109,ajoburn30,Ardene Joburn,vSMsyBKJYAzw
110,lboobyer31,Loren Boobyer,mVq7a4O
111,jchessil32,Jaye Chessil,9GzAww7
112,rgreenly33,Rudolfo Greenly,jP6xgq5y
113,lcattenach34,Linnea Cattenach,kaDRyiHYt7ps
114,sbahde35,Skye Bahde,goYcH2brX
115,mrosenhaupt36,Marrilee Rosenhaupt,Gwlmp5s5F
116,hsouthan37,Hoebart Southan,FTases
117,grodder38,Godard Rodder,v9vzuUSgWXLU
118,ishrive39,Ilysa Shrive,NkBsTXETKsOE
119,obolitho3a,Ortensia Bolitho,Xx0vjsqL
120,acaine3b,Angelle Caine,gYilYRG8p
121,alackham3c,Amabelle Lackham,somc1l
122,sdrynan3d,Sanders Drynan,jwsWf76mV
123,sespadero3e,Selestina Espadero,NOG2oI
124,dprator3f,Dasie Prator,0GWlGM
125,bjarlmann3g,Brinn Jarlmann,NgHk6o5cdEW
126,emoxson3h,Eulalie Moxson,OsBZ7LId
127,aiskov3i,Archibaldo Iskov,TEszVDoo
128,dgorce3j,Daniella Gorce,3w7zHroImR
129,sarchambault3k,Sigismondo Archambault,e0Wn2eKS75ml
130,bhollindale3l,Bernadette Hollindale,FjYpBVq
131,zsandiland3m,Zola Sandiland,DQlFRuh
132,sdart3n,Shell Dart,graP1xa
133,nhoyland3o,Neille Hoyland,ABcWTWFNNjp4
134,emccleary3p,Emilia McCleary,SRa0XEkNIR
135,mwadly3q,Melba Wadly,tVDDC5
136,tclother3r,Torie Clother,q3Jc8xdP
137,dlewsam3s,Dean Lewsam,STndHxli7mp
138,jouslem3t,Jennie Ouslem,C301leZ52
139,rdudley3u,Randall Dudley,VSMZiE
140,mcromwell3v,Mahmud Cromwell,ZzvAVKiHRQD
141,sgilphillan3w,Shannon Gilphillan,KX31EO
142,lantal3x,Livy Antal,yW2Ia04PlBin
143,ymorrid3y,Yetty Morrid,3Ghn2kT
144,dhedaux3z,Delia Hedaux,nPicmL
145,cknotte40,Charin Knotte,3PZUWwqes
146,bmcbeith41,Bibby McBeith,C44XQu5YbTX
147,mfadden42,Melantha Fadden,jp0LI8UnEM
148,rclowley43,Rolf Clowley,h89VHNMrTNA
149,cdeuss44,Coriss Deuss,WAiXaA
150,vsilver45,Vic Silver,fA5ZMTVkX
151,gcopplestone46,Granger Copplestone,zjowJHkOb8
152,ciannelli47,Carroll Iannelli,UWL8pr1J
153,wstrang48,Wolfie Strang,ra4gJN
154,astemson49,Annie Stemson,SBaFG6l8jOx
155,ekillock4a,Erwin Killock,To85cT
156,jandrat4b,Jayme Andrat,3TOaVu3zomph
157,jhellard4c,Jacquenetta Hellard,5YLmouk8d
158,griquet4d,Griff Riquet,0FyYldNL
159,gdecayette4e,Grantley Decayette,385vp12lH
160,aludgate4f,Aeriell Ludgate,L0yDmc8t1Kwo
161,afinlay4g,Aleen Finlay,ba8LO7oKKE
162,bstrank4h,Beth Strank,PQ6ABk0
163,hbalnaves4i,Harwell Balnaves,0CjWWQFsCrl
164,cdryden4j,Chicky Dryden,m2JVI2mvY1
165,ladame4k,Lindy Adame,PZTlAJ2DSN
166,phechlin4l,Pier Hechlin,Fa9jcTtXQu
167,ssousa4m,Sandor Sousa,EvmWI1k
168,aroderham4n,Aldrich Roderham,082FF8a
169,ogoutcher4o,Ogdon Goutcher,mmQx2d
170,rtuffey4p,Raf Tuffey,2p3SuLJ9
171,jjessope4q,Jewelle Jessope,IHSf57Ja
172,tdessent4r,Thain Dessent,wYQBXKKx9
173,mtwinborough4s,Marley Twinborough,FmoUeeAtkjwg
174,pciottoi4t,Philis Ciottoi,sAeVtmpZJm
175,kpetracci4u,Kalvin Petracci,6my59DX
176,yspellworth4v,Yuma Spellworth,vLbgf5Pnwu
177,dhalpine4w,Drugi Halpine,Pljaw837n3
178,mpecha4x,Morty Pecha,c6zJFeQrYK
179,rmccreedy4y,Remus McCreedy,tfkRltOA7S
180,dvedntyev4z,Devinne Vedntyev,3VGktTol
181,bstrowthers50,Berk Strowthers,B3hogFu54UoV
182,vlamplugh51,Vallie Lamplugh,mWXzFvz4gt
183,atarburn52,Ardeen Tarburn,UnC9RL1vsWj9
184,eparkinson53,Editha Parkinson,96AbVDRb0FW8
185,slyle54,Steffen Lyle,SfJTx1
186,atayt55,Abby Tayt,0wuAJZeJPFXB
187,wingarfill56,Wanids Ingarfill,tpETpTm
188,rmelchior57,Rahal Melchior,oJWcsCfznV
189,bolennikov58,Belinda Olennikov,J1PiiyZby2
190,gcorneliussen59,Gabriell Corneliussen,ZTvrxqiIj5
191,agidney5a,Annadiana Gidney,ehumYP
192,jdurnan5b,Jobie Durnan,N3iAXTMZ
193,nkersting5c,Nickie Kersting,xHVHMA8Xj0
194,dcayser5d,Darleen Cayser,LQL8ZsrT7V
195,broutham5e,Brooke Routham,6CcSD4XDzap
196,ggiabuzzi5f,Goddard Giabuzzi,9pGuXOgE8
197,rseaborn5g,Raynor Seaborn,SAfkqMOWXa
198,lrose5h,Latrena Rose,8CF7ZeK
199,dmcatamney5i,Dinah McAtamney,PBVcxlJUt
200,ehamments5j,Etan Hamments,1W0bmEo
201,namerici5k,Nester Americi,WxtqTCBe
202,nphizackarley5l,Norry Phizackarley,oKOwvozlgSfz
203,tmaloney5m,Tamra Maloney,k3hs0yG8
204,ssaich5n,Stephannie Saich,gAUp3doF1se
205,bdiable5o,Bekki Diable,wn2Tmiw2aBez
206,tmcquillen5p,Teresina McQuillen,vz5HxfH0kB8P
207,amacek5q,Aurora Macek,bRJVJugZN7
208,sriseborough5r,Sonya Riseborough,hQNmCzmH
209,ahowler5s,Andrey Howler,rvU3XngT834
210,reteen5t,Roseanne Eteen,A6L28pwvA
211,agruszczak5u,Adoree Gruszczak,Ng3oNxFy36
212,cpresley5v,Cristiano Presley,XyNYeUrk
213,gfricker5w,Gerhardine Fricker,jg5wgwHv1
214,svogel5x,Storm Vogel,gPcuigCpCbnp
215,eschreurs5y,Elfreda Schreurs,piquPC0hxmcA
216,gewings5z,Gunter Ewings,SLhn3oOuBboo
217,gingarfield60,Gilbert Ingarfield,n4OZdq
218,gcrake61,Garfield Crake,bLMyB7
219,iagronski62,Ives Agronski,ogFJZ7i3Jq
220,tloader63,Toma Loader,4TKeXEOqniq
221,aknight64,Alayne Knight,eyZfr4TF
222,jstambridge65,Jaymie Stambridge,h6yYLoRX1n
223,pohenehan66,Peri O'Henehan,IjWTVY6gf
224,rkealey67,Rogers Kealey,BhLkAjVF
225,kwroe68,Kevon Wroe,GljoTi2
226,rlyddyard69,Robena Lyddyard,epO60bdWqj
227,mo6a,Melvyn O Sullivan,cS57IKIWziAv
228,sdurber6b,Skell Durber,HHBmsQtIXLS
229,efieldhouse6c,Emmett Fieldhouse,pBL3RC
230,jborges6d,Jobye Borges,jTYIOy
231,jgilliat6e,Jerrilee Gilliat,yyliPz
232,mjandel6f,Micheil Jandel,Pxaf8ZJQGZM
233,twhaymand6g,Tiphani Whaymand,LwDjMOQ0MT
234,prich6h,Perri Rich,MdeRXQDSA
235,ggoldie6i,Genvieve Goldie,YHPHWD
236,jolin6j,Jacintha Olin,5MUHKYSUQ
237,lkender6k,Lyndsie Kender,0FTsfQE
238,dnovill6l,Davis Novill,sQdFgpSMutos
239,mmusslewhite6m,Melamie Musslewhite,g4gmUEqDO
240,gseide6n,Godard Seide,oMPVWxRelmU
241,smc6o,Sidnee Mc Meekin,QDhiaHUM5M1
242,abowcock6p,Angie Bowcock,huh33uVVy7a
243,nnoor6q,Noelani Noor,wSYxpKm85yQS
244,kbowerbank6r,Katrine Bowerbank,Q7DC9FtA
245,esiss6s,Emmalyn Siss,529IJyGnP
246,lmcgrale6t,Lexie McGrale,bfdMm5hu
247,asprankling6u,Augy Sprankling,5r2O59j
248,cmc6v,Chrissy Mc Andrew,Iqf4OjheC4n
249,wnapoleon6w,Webster Napoleon,bXuptGCJ2Lp
250,devenden6x,Demetre Evenden,b9Chwnckrkyw
251,pnollet6y,Pancho Nollet,CJeEIa
252,khallybone6z,Kara-lynn Hallybone,PkOsZglthhf
253,djansa70,Damita Jansa,oXdUWd
254,bizon71,Binny Izon,KtmkvE
255,mwinslow72,Matthus Winslow,T2ZF0rl
256,hbarson73,Hasheem Barson,u79OITV
257,jrubra74,Julian Rubra,3keUKFisE
258,crisebrow75,Charleen Risebrow,K2La8xyUt
259,nnettleship76,Nell Nettleship,qyRHRHGAB1Y
260,cmartell77,Cindy Martell,9K8tE7DGP
261,vbrimm78,Veriee Brimm,gMUIcS5
262,tamiable79,Trevar Amiable,5ckSRzSEKnH
263,czum7a,Clea Zum Felde,xqsTw3f3wf
264,btibbotts7b,Briggs Tibbotts,eWVWIYCz
265,prosenbaum7c,Pia Rosenbaum,lrQxb2Y
266,pcasini7d,Poppy Casini,hkY3mBLXhUu
267,aarnison7e,Athena Arnison,FM5nqOi1Gm
268,amillthorpe7f,Abey Millthorpe,N2SL6jSwV25
269,olafoy7g,Obediah Lafoy,Yas08eAsGg3Y
270,scranke7h,Susie Cranke,NXzoqsyel
271,fgerbel7i,Fair Gerbel,8AJ2DSKGL
272,tmasserel7j,Trina Masserel,1jDvv37SfjCs
273,mracine7k,Madeline Racine,95hkaR
274,bgladwin7l,Barrett Gladwin,DgGJxMCF7
275,vmcgaffey7m,Verene McGaffey,Nin7R7mBD6Ev
276,rjedraszczyk7n,Rodolfo Jedraszczyk,zFSLUD44q
277,gbeacham7o,Giustino Beacham,xVQ5uVKYEJs
278,acaldroni7p,Amii Caldroni,MmdAEkflp6
279,bmcettrick7q,Boniface Mcettrick,rRplhb1Ch4r
280,mnorthcliffe7r,Matti Northcliffe,iktEUmYE
281,melacoate7s,Margaret Elacoate,ZjbJBOMqJ
282,ekinnerk7t,Eleanora Kinnerk,coYTOxu0wT8
283,cdabbes7u,Christophe Dabbes,IvN0B4bb91AX
284,rhune7v,Rosabelle Hune,2EMVhqEgH
285,csmall7w,Cole Small,XM92jhduB
286,kdrabble7x,Kailey Drabble,hTt3Uy7tDA
287,tpilcher7y,Tuckie Pilcher,xsuo8t
288,jwise7z,Jermain Wise,VlsG0dvvh
289,ahackley80,Amalita Hackley,R0zXeW1x
290,nmacgray81,Noelani MacGray,qROVxbVU6R
291,islator82,Isidora Slator,Chjo9Ao
292,wbowkley83,Wilton Bowkley,ggSsu9r
293,llocal84,Luce Local,GFxROwcS
294,mhinrich85,Mavis Hinrich,XibO5bmlvZRK
295,wtuffley86,Wilbert Tuffley,LTnUg86ef
296,gfair87,Georgeanne Fair,ZXWdoQS
297,bwhitlam88,Bryana Whitlam,RvKXtP
298,amatokhnin89,Anne-corinne Matokhnin,4ufYn8
299,jserman8a,Jeannette Serman,6p276C7MyaLB
300,msoughton8b,Massimiliano Soughton,TL06vEH84E
301,bmckain8c,Bekki McKain,DAwQ9jMMQ8
302,dgoor8d,Doyle Goor,1eIBeTIH
303,kpolle8e,Karia Polle,kHacW0kA3
304,ttattersdill8f,Teador Tattersdill,f0hONV2q6
305,flaxe8g,Felix Laxe,MQVBSVwShi
306,rhowey8h,Rey Howey,ytburq7j0
307,amarlor8i,Andee Marlor,oBUNyR
308,ratling8j,Randi Atling,2JhyPfa
309,bconcannon8k,Binnie Concannon,EOuqZcw4tjw
310,apeatt8l,Audy Peatt,VjtePe2Y
311,cedgerley8m,Clareta Edgerley,kiidkn
312,mlibermore8n,Murdock Libermore,ATf1raQCXB
313,bcapelin8o,Brooks Capelin,IdlXh4hdJ
314,gkohn8p,Gizela Kohn,0P8kqHRK
315,thambright8q,Tucky Hambright,6LsX4m2VEYBG
316,csaltsberg8r,Cornall Saltsberg,FKJxgHSd
317,fweins8s,Franni Weins,V1JvIUd9Nmx
318,owheelan8t,Ode Wheelan,iF9byVK
319,tdenington8u,Tedman Denington,YGQgQfTpTQZ
320,smadge8v,Sarge Madge,jQ0wV99L
321,twarren8w,Toiboid Warren,73jQUOmHU
322,ahalgarth8x,Allx Halgarth,i35SjA
323,tlomansey8y,Theodoric Lomansey,7TXfNRYkhH1B
324,bbertlin8z,Bradford Bertlin,3rP2bhpA
325,abonar90,Arabele Bonar,FAm9eC
326,sbennett91,Sid Bennett,uY2wBLgq6d
327,ostiegers92,Otis Stiegers,qUcC7jeJHjuu
328,knicolls93,Kylie Nicolls,EPCJFUma
329,cgoseling94,Crin Goseling,VFPCyVAYiEr
330,kgourdon95,Kerby Gourdon,6Ghr0mab
331,rmctrustey96,Rafferty McTrustey,pfQ4zUuE1dq
332,mromanet97,Matthiew Romanet,ygeZd8GV0
333,phynam98,Parker Hynam,1OfA7q
334,tohegertie99,Thea O'Hegertie,3LTOYWirSFV
335,csoares9a,Chlo Soares,261cxFLchWxG
336,so9b,Stuart O' Bee,TYR7pC65H
337,tdawby9c,Tera Dawby,qfmaMj
338,dbeton9d,Dugald Beton,9pxKzEhct4UD
339,tdelph9e,Tiff Delph,afM5Su36av4h
340,mgoodhew9f,Morty Goodhew,kVQbDurZ4m
341,tcolumbine9g,Tedd Columbine,MQqSXP
342,fschoular9h,Fae Schoular,rsuBzUk
343,shrachovec9i,Salomone Hrachovec,7f5ac62uER6h
344,mnardrup9j,Matthew Nardrup,dpabLST
345,jwapol9k,Joyous Wapol,37EKlMfglm3
346,oemlyn9l,Omar Emlyn,OSeqzA
347,mlairdcraig9m,Meade Laird-Craig,6HYeKx12WDiL
348,challward9n,Cara Hallward,MGLa9P
349,smccaughran9o,Sheba McCaughran,2T5q4JHR
350,ajurek9p,Annnora Jurek,Uf3WhM
351,wguilaem9q,Wiley Guilaem,zrmigl2
352,mlightbowne9r,Miles Lightbowne,Dve8uC
353,vstairmand9s,Verge Stairmand,rV03atEPSNL
354,dhorder9t,Davide Horder,klkhcr0l
355,adeards9u,Aksel Deards,u6NIis
356,wlawlings9v,Wilt Lawlings,MylvqRM
357,agettens9w,Anjela Gettens,MnDHqS
358,cscoterbosh9x,Court Scoterbosh,swnlMvaX
359,wtague9y,Weidar Tague,TKgV6bcxHIJT
360,ftuffell9z,Francyne Tuffell,TQNsTGc89N
361,lyerbya0,Lenard Yerby,enhjfk7X4n
362,ddarrela1,Dalli Darrel,bUfKRQRv
363,ccabraraa2,Clerkclaude Cabrara,J3TaIyM
364,htomovica3,Honey Tomovic,LYckbMD81
365,ldeblinga4,Lilia Debling,MfXPACytG1P9
366,jhazlegrovea5,Jerrylee Hazlegrove,CrOCNY
367,rgalvana6,Radcliffe Galvan,Xn92Vbu6xc
368,sdudmana7,Simona Dudman,AhyYmfgS9Ee4
369,eshadea8,Edithe Shade,6nU945vXTH50
370,vwyssa9,Vernen Wyss,x9u2B0eynm
371,astorahaa,Antons Storah,4FVjtVPFnup
372,cpoytressab,Crystie Poytress,01n8fbIe8Qos
373,lmillwallac,Laetitia Millwall,WHlr9Ylp9A7e
374,frobiotad,Florencia Robiot,RWlQPEtn1HP
375,mheavensae,Modestia Heavens,jGnxNYxqZzCx
376,cattardaf,Calhoun Attard,CbIwAo7IJj
377,mpointsag,Maureene Points,joiy5tH
378,ogatchelah,Oliy Gatchel,C8lsbp
379,bcurnokai,Brigham Curnok,GzYYOr4gMX
380,cbintonaj,Cassondra Binton,hi4SaA06
381,byakoboviczak,Byrann Yakobovicz,MnhPbPHWZ05
382,tgiacomonial,Tamqrah Giacomoni,ZoAHQZgt
383,ngianneschiam,Nanete Gianneschi,90xrndGHX
384,kwinderan,Kathy Winder,FifCIA
385,gescoffreyao,Gwennie Escoffrey,DImIjPyw
386,smerriganap,Shepherd Merrigan,4Ag3PYPLUgn
387,nduttaq,Natasha Dutt,6GQjdSD
388,rkamenarar,Ronna Kamenar,mXx3wpSkk
389,sewensas,Sophia Ewens,OXQilJHLdaf3
390,iluetkemeyersat,Isaac Luetkemeyers,c3H61nx7jdOR
391,wespositaau,Wit Esposita,y1Hwaq4Ilym5
392,mfullyloveav,Melita Fullylove,zeiUjjbzV4r
393,ablayneyaw,Alexandra Blayney,hkQrA8acaG0H
394,sbessax,Sibby Bess,JfJ3HQlhsK
395,rnorcottay,Reeva Norcott,B2EGqaYZ8
396,egiffkinsaz,Elladine Giffkins,Z64bQKk
397,cmclarnonb0,Caz McLarnon,fuX4kHPf
398,ageldeardb1,Agosto Geldeard,FAEjQsitXK
399,mbarbosab2,Marguerite Barbosa,ZNJBxt3D8Q
400,hhurchb3,Henryetta Hurch,6COg5VD4e
401,gguilloneaub4,Giffy Guilloneau,hMQgS3KQP
402,rdougalb5,Rakel Dougal,u7UZAo
403,rebourneb6,Renado Ebourne,vUf0Kawfu
404,smcclintonb7,Shawn McClinton,rl69XQOH
405,bformbyb8,Bunni Formby,83tklWXB7B34
406,pferrarob9,Priscilla Ferraro,ol0KWDiC
407,rcrowchba,Rozelle Crowch,p3gbx6
408,srapsonbb,Stanwood Rapson,wnkPqrnkX
409,nzanettinibc,Noel Zanettini,n9pyDqaZ7
410,fbiermatowiczbd,Fairleigh Biermatowicz,83QpFcc
411,aphippardbe,Arel Phippard,h2RHAkaGkMa
412,hblackdenbf,Hedy Blackden,49b4LcdP
413,sizachikbg,Sholom Izachik,nAOWcY
414,amoxombh,Alisander Moxom,iPSFAXEW4g
415,nmogiebi,Noach Mogie,3IUfw6R
416,lcocklebj,Lemuel Cockle,PKvYxQd
417,whealeasbk,Ward Healeas,ps3qambtOEV
418,shalleybonebl,Silvan Halleybone,8iKR70ZuFD
419,pcolvinbm,Pryce Colvin,OgS1Ck3HVNNT
420,mmarmonbn,Mildrid Marmon,oW13JZS4
421,cfinlaisonbo,Cristal Finlaison,SPCuVT
422,mabreybp,Myrtie Abrey,dVoRynM2rP
423,sfilyaevbq,Serena Filyaev,BYabvuBWVxyz
424,dyankinbr,Dennis Yankin,jquxPvj
425,tnewlovebs,Tad Newlove,yJSQm0OS9
426,vmaddrellbt,Valeda Maddrell,4xmgmaekvyCh
427,amcalinionbu,Aubrie McAlinion,c2ceSMG5b
428,mminchellabv,Marieann Minchella,SvgumxWLn6
429,acolcuttbw,Adriano Colcutt,5ct7XI9
430,wsnedenbx,Winni Sneden,od6aMryL
431,bskellyby,Branden Skelly,gEluyJ
432,pyushinbz,Patsy Yushin,hDyXIP
433,lwoodesonc0,Linoel Woodeson,ZLB674pX9c
434,tnaishc1,Tanya Naish,NBGEYKkn
435,ttappc2,Tiffy Tapp,jD9mfwJr
436,alambertic3,Avigdor Lamberti,LuZEdBNj
437,acrosec4,Aretha Crose,4b4tcf
438,ehasseyc5,Ellynn Hassey,HpTpVCQnG
439,qturfsc6,Queenie Turfs,PvhpdJi
440,omullyc7,Osborn Mully,hlxhxQmE0k4E
441,fcaddc8,Flemming Cadd,IX21dHwzq7r
442,gbrisleyc9,Garey Brisley,hzfVFKY4BQY
443,wnorsworthyca,Worthington Norsworthy,3AE9kE7g
444,bolennanecb,Bern O'Lennane,IJVKWqZEcX6
445,pmelhuishcc,Pier Melhuish,3gvPhG4
446,dmcewancd,Delphine McEwan,SxXto2e1n
447,vminifiece,Vernice Minifie,chTzGpeFnl
448,dkilmistercf,Deedee Kilmister,cmtWUSQi
449,ggrestyecg,Gram Grestye,LtflU0
450,kthurskech,Kinna Thurske,xGRq0kM
451,bflohardci,Blayne Flohard,GI1vvd
452,casletcj,Conrad Aslet,U5aB3iKFWP
453,bboornck,Baird Boorn,PuSn4gy3uV9
454,mbisoncl,Mallorie Bison,nDNpDfKd09s
455,dpeizercm,Daisey Peizer,1w4XtkeOrid
456,gnovellicn,Giorgia Novelli,krcGFq
457,churdmanco,Connie Hurdman,eC59KQu
458,hleifcp,Heddi Leif,pKJLI1XMf
459,mabbottscq,Moses Abbotts,69OhZid
460,pgibbencr,Patin Gibben,RulroUIqnvg
461,glawlandcs,Gwendolyn Lawland,NmpGDTJvph
462,lduckersct,Lowrance Duckers,qyVdLz
463,msherewoodcu,Marna Sherewood,4k4DWt
464,emaccambridgecv,Eleonore MacCambridge,8wIwYjS6f
465,jtolomiocw,Jillana Tolomio,PLtlsW
466,joxbroughcx,Jeremie Oxbrough,BzeNmT
467,ulemarycy,Urson Lemary,6R6tDz
468,pmynercz,Papageno Myner,r2YE6neT1R
469,akemshelld0,Agretha Kemshell,JKazxZQ
470,ekippaxd1,Eldridge Kippax,NEBBop
471,mmattekd2,Marabel Mattek,ZvtVR7Q4
472,agosdend3,Antonina Gosden,WSX84n8w
473,sgrattaged4,Sigfried Grattage,32Y8D8PMr0SH
474,pglencorsed5,Perrine Glencorse,dgatHgwnCr
475,tbartlettd6,Terrie Bartlett,KHyc17oFb7
476,catrilld7,Chester Atrill,5Yw0Ng
477,epuntd8,Enriqueta Punt,0Ez3ZWrmD
478,mtroweld9,Marrissa Trowel,RhZfca2Y
479,ghillanda,Griffin Hillan,ZAbIfFXtdvh0
480,awillgressdb,Alick Willgress,uzOKKXk
481,sroblindc,Shaylah Roblin,gjteYHJu
482,amessomdd,Alain Messom,Dz76wYZL
483,ldibsonde,Lishe Dibson,K4XsSvh
484,atoffolodf,Ahmad Toffolo,FS40v8b7e
485,handreedg,Hermon Andree,SWRXrrhiyB7t
486,modhamsdh,Mark Odhams,3k39hITO
487,nginndi,Nari Ginn,z9vxhVnZw4T
488,csimonellidj,Claudio Simonelli,nGYQfjszgy
489,mraspisondk,Matt Raspison,FsKn4RHoo
490,ajeramsdl,Alvan Jerams,KTXnYJQ6VgGP
491,mcrowcombedm,Mildrid Crowcombe,up4U5E
492,slidsterdn,Saidee Lidster,oV23J3rdM
493,ecuardalldo,Eugene Cuardall,WjXM5cAE
494,ccorderdp,Caroline Corder,flbThRBhM
495,hatkynsdq,Harlen Atkyns,6juYvWYKSI
496,cniesedr,Carlina Niese,bIZhsSNdHp9b
497,mrangallds,Moore Rangall,TrYYOQGD8R
498,ryeomandt,Robinet Yeoman,te7CKNZgIY
499,crammelldu,Christen Rammell,OkekcnMt6Vn
500,ereadedv,Eva Reade,yfZoyj
501,glevensdw,Gael Levens,jHjI9HxCDA
502,vchittockdx,Vivia Chittock,KUi7KOiM
503,rlinacredy,Rozele Linacre,hd6cbq1x
504,prumbledz,Pauli Rumble,4jE2iTql
505,scoogane0,Sibylle Coogan,sDDzWl
506,hflahivee1,Hartley Flahive,JXSBMM4bF1
507,lkrugere2,Lamont Kruger,0IBfXQ3h
508,mspaine3,Marna Spain,AjGDlaKx4P
509,rnelthroppe4,Rodd Nelthropp,xc4VLX6Hn
510,eturonee5,Eyde Turone,JGYyGHDmO0Bs
511,bmarriotte6,Brynn Marriott,5lLXzIEuWIO
512,bsmaile7,Brittni Smail,XWBIlE3Q
513,nrennenbache8,Nerty Rennenbach,IhCmoF7eg2F
514,bbroadise9,Brigitta Broadis,UzK83R4E3jl2
515,ceastmeadea,Chevalier Eastmead,SULCjA
516,mkochereb,Marie-jeanne Kocher,S7diFnIk3
517,ggurnerec,Gal Gurner,Kv6VnwQd4iD
518,tcoleyed,Trixi Coley,8EK9d3xNN
519,dreaganee,Dehlia Reagan,qbfZSUG
520,bdooleyef,Boothe Dooley,bwPokjk4
521,aollieeg,Agneta Ollie,WM3CijNVIlyC
522,jhansodeh,Janine Hansod,5ksiYMxgtE
523,jcamplinei,Jacques Camplin,aZgCfwQvME5g
524,cbarradellej,Caye Barradell,fyfttUqjg
525,osaltmarsheek,Omar Saltmarshe,a56tqYg
526,jkippenel,Jethro Kippen,cNpGQYq
527,ebotfieldem,Evangeline Botfield,gKgy0xgWK
528,jstanderingen,Jarib Standering,fXhIwcpJ
529,lharmstoneeo,Legra Harmstone,fMIXzo58tUa0
530,rboeterep,Ranna Boeter,mYf0mHUEX
531,apanaseq,Allison Panas,gXu26b28
532,lsommerlyer,Leroi Sommerly,HFXR9tSoDhY
533,hmatthaies,Homerus Matthai,l4KK1L6imeZ
534,fforreet,Ferdy Forre,Ss7npZJl0pcD
535,gbrookzeu,Genovera Brookz,xbS71VeG7
536,pdukeev,Phip Duke,B2mVGZybBgrd
537,bklimekew,Bobbee Klimek,SW59zBDE1
538,darnullex,Deeann Arnull,pwuWUUII5
539,bturvieey,Beverlie Turvie,KgYVmmz7i50Z
540,lclaceez,Lana Clace,jOtflHyir
541,wwreathf0,Wynn Wreath,S9rnq4d9qfL
542,ssidebottonf1,Standford Sidebotton,uSPXhKoSS
543,vparonif2,Vassily Paroni,XcGHdlHGAczc
544,kkayserf3,Karissa Kayser,N6lmGmzV1sp
545,ocammidgef4,Obadias Cammidge,zLYN4LFl
546,bhutchingesf5,Bridgette Hutchinges,D8BVR9Ps
547,alutzf6,Alic Lutz,795Y4MMG
548,osuttlef7,Orv Suttle,q2xIBquuZ49Z
549,jbardenf8,Jobye Barden,jNW1LEze6
550,mokeavenyf9,Margaretta O'Keaveny,0KrasJXJVbjs
551,sgilyattfa,Sherry Gilyatt,Z6wQQjX
552,rargontfb,Rudd Argont,kDFY7oPBCl
553,tmatthewfc,Teodoor Matthew,OaGRz3B
554,kcoppensfd,Korney Coppens,JaHpgf1
555,etapinfe,Elvyn Tapin,cQUcQ6X9
556,kfooksff,Karna Fooks,RXA43iP6cG
557,jtaytfg,Jenilee Tayt,xC6Ni78X
558,mebenezerfh,Maynard Ebenezer,ZauCVbW3lT
559,hmacterrellyfi,Hank MacTerrelly,aKsKUvfEmUX
560,kgarbuttfj,Kassandra Garbutt,NfFJCo
561,nodyvoyfk,Natividad O'Dyvoy,nbEN1d
562,tmulvihillfl,Tremayne Mulvihill,imHOHv1rp0X
563,gjessfm,Ginny Jess,MmxS28
564,rdarreefn,Regen Darree,begFOq
565,iconyardfo,Isidore Conyard,1DcM03u1knsg
566,rbodocsfp,Romeo Bodocs,ixdMQgEl7KY
567,taloigifq,Tedda Aloigi,DdvFuAG
568,dananfr,Derril Anan,1TQpmrHiV
569,acadefs,Ansell Cade,8N46kNF
570,ooconnellft,Ody O'Connell,EKCyWIPE0C
571,fsignorifu,Franciskus Signori,uYbnOmXLU
572,dhilliamfv,Dannel Hilliam,5XIV7bH44
573,skyteleyfw,Stanfield Kyteley,CSbP7gHgfc
574,tsemarkefx,Tarrance Semarke,LKAxNjhJy
575,vbartlomieczakfy,Vivia Bartlomieczak,6Q7Qr6BvjwS
576,btoyerfz,Brok Toyer,zzfUhparfCi5
577,cwombwellg0,Cathee Wombwell,Qv5qo3
578,mogormang1,Malinde O'Gorman,axgCaa
579,carguileg2,Celina Arguile,zNbnzBYPhD
580,fcaulderg3,Ferdinande Caulder,TFp3ls
581,salderseyg4,Sydel Aldersey,SlSNJTR
582,kkiddellg5,Kim Kiddell,5viqeOmJSMc
583,gveldmang6,Gayel Veldman,6eTMQUr06nn
584,sseeneyg7,Selig Seeney,cmKdEFdq2bv7
585,tleitchg8,Tristan Leitch,MPgnmB
586,swhitwellg9,Stacee Whitwell,aSYjlr
587,idehmelga,Ingeborg Dehmel,D6b4xpdDpEWE
588,pcroxtongb,Pandora Croxton,fnY6CsH
589,mduddengc,Malanie Dudden,XugIEMUyR0Ny
590,rhurlgd,Rey Hurl,3G4CUopb
591,nmummeryge,Nola Mummery,aXTvno1qMjR
592,askillingtongf,Ambrosius Skillington,9GBI5hceaQy
593,scasarogg,Silvanus Casaro,ZG5WgG5t2aS
594,goglessanegh,Gunner O'Glessane,mpbBmKh
595,jlemerygi,Janos Lemery,onP4yharFPEd
596,kflaoniergj,Kermie Flaonier,kfqcfFUE
597,irickabygk,Ivette Rickaby,d42rPQSotoY
598,ehauckegl,Eadie Haucke,tC0xvd
599,rorletongm,Rania Orleton,30OBr2
600,jplayfairgn,Joelle Playfair,PXNEBtt
601,agatherellgo,Aurelie Gatherell,xYnNmSiic8M
602,bcapeygp,Bell Capey,ouZ17CWoJ
603,bdeeveygq,Beulah Deevey,Lp9tYVeNZvya
604,blarnergr,Barnett Larner,AcYCGtZq
605,dsmelleygs,Daron Smelley,5FCE5Gyv
606,kdaggettgt,Kevyn Daggett,050NIeMVDmWt
607,aemsongu,Andromache Emson,eQ61zsVOUl3
608,hhardagegv,Halimeda Hardage,YwHZ76y
609,rocriganegw,Robinia O'Crigane,ZDaPuLNdcH
610,abornegx,Allie Borne,YVECyE
611,kchesegy,Karrie Chese,i8ODof
612,tbergstramgz,Terrye Bergstram,lyA2LYs
613,jhuglih0,Jorie Hugli,LJdur3R
614,tclaigeh1,Tiffi Claige,IRLgxnJD5KV
615,bnormanvilleh2,Berne Normanville,9optjnbP
616,mwallentinh3,Morgan Wallentin,fszVPd
617,eblancoweh4,Ebeneser Blancowe,uFANCY70Ngr
618,jjollieh5,Jenn Jollie,IFbGX5DVlSdd
619,gsacaseh6,Georgine Sacase,DIafzln
620,gpurdomh7,Gretta Purdom,rg2cep9OM
621,sstarbuckeh8,Stoddard Starbucke,hxAo0VA
622,smataninh9,Sayres Matanin,5fuAvFnK8M8J
623,fdiha,Frederique Di Domenico,puG7Rs
624,fspurlinghb,Flori Spurling,yjSImgGzpyzj
625,sdenekamphc,Sidney Denekamp,7LOaqs2
626,ntakshd,Nikaniki Taks,IamtWHkl1PA
627,kkohnekehe,Krystal Kohneke,wQcK2sMNpbUw
628,blovedayhf,Beverley Loveday,3tFri0
629,mdurnhg,Matthaeus Durn,fjUyYvQPQp
630,sluchettihh,Siana Luchetti,gjBPtK
631,jbrawsonhi,Jaquelyn Brawson,GwGHhMps2Cnc
632,mewinhj,Myrtia Ewin,dpBP8lFOb0Re
633,cmallabundhk,Cacilie Mallabund,AINbiNSdB8
634,jgallehl,Jennette Galle,nsGXLy69oJ8r
635,rbaymanhm,Rutger Bayman,6eeY14
636,pmcboylehn,Peta McBoyle,gxJhtzRgYAx
637,cshickleho,Chickie Shickle,qmwJeEKUj
638,rashleehp,Raimund Ashlee,9Ixb36n
639,cattestonehq,Carla Atte-Stone,ZY4wQ7TQx
640,cbalaamhr,Cloris Balaam,4mr4Q0NLv
641,jmiltonwhitehs,Jim Milton-White,xYKiIHnX
642,cmcgladeht,Corrianne McGlade,oLXTEW0C
643,beveritthu,Bryanty Everitt,lii5bF3Xh0
644,tmacneilagehv,Tiler MacNeilage,k42rBb5
645,lkielyhw,Land Kiely,tUdSTca9BwC
646,btittahx,Bradan Titta,MpkZ5fi
647,msherburnhy,Mitchell Sherburn,sOFgct9ThEg1
648,bblasgenhz,Bil Blasgen,MW0SoNj
649,fhoveli0,Fin Hovel,EkEsiXUL
650,clyfordi1,Carola Lyford,jKN5cK
651,lolubyi2,Lenee O'Luby,xyo87sxlFuia
652,jwashingtoni3,Jone Washington,giBgp3g
653,dlegisteri4,Dukey Legister,lgd0BDjNWMll
654,wkingswoodi5,Wake Kingswood,5hsUViuACr
655,wcolthardi6,Willy Colthard,jYi4Q9WbgqHY
656,smizzeni7,Sibylla Mizzen,muyCXW
657,rkemstoni8,Raphael Kemston,EByHERl
658,jhuckei9,Janka Hucke,439AbYHSVqO
659,tbonsallia,Truman Bonsall,et8odX
660,vburdittib,Vilma Burditt,uuyLvPX3vip
661,csaywoodic,Cathryn Saywood,1GS55t2d4ls
662,bwelbournid,Brendin Welbourn,fLlaNQcjfL
663,mconantie,Michel Conant,D3fV1L
664,rvantif,Ruthanne Van't Hoff,Vt0aia
665,akeddleig,Ashli Keddle,iwSMmHZ
666,kskelhorneih,Karl Skelhorne,Pplk7t0j
667,vmarthenii,Viki Marthen,itrlscjTJjzB
668,sdraycottij,Scott Draycott,aD8zvLavYc
669,splaschkeik,Stanleigh Plaschke,7g1ASLm
670,fmurrieil,Flinn Murrie,QufFTx28Pe
671,cdennettim,Candis Dennett,Zh220Rzp6W
672,dmourtonin,Deeann Mourton,StheYQEK
673,amaudittio,Anthiathia Mauditt,zVwmiFyK9Mn
674,cnandip,Charo Nand,NXTRIojYV
675,aflackiq,Almeda Flack,Vv61MjJ
676,hlowthorpeir,Humphrey Lowthorpe,Fahw1qF
677,cperrottetis,Clyde Perrottet,LdijoYx
678,btoffaloit,Belvia Toffalo,LJfuHfZp2Nt6
679,cgabbetisiu,Carlota Gabbetis,8WbJmwCbJ
680,dtideswelliv,Daloris Tideswell,PFrGdDF
681,rrockwilliw,Raymund Rockwill,srBO5ux
682,evaldesix,Emelita Valdes,bsGnPK
683,lmingauldiy,Leupold Mingauld,2aFFGm8Zx
684,ynickliniz,Ynes Nicklin,9CFF8EvdhEGE
685,fschleswigholsteinj0,Fletch Schleswig-Holstein,57WQlBi
686,oivanshintsevj1,Osbert Ivanshintsev,a5ZgaH0W5TC
687,rdorrj2,Richy Dorr,b8zP7bu6
688,kmaylorj3,Karla Maylor,dKBkKsfz
689,fyeardsleyj4,Fernanda Yeardsley,bmwRMw1L7Bkw
690,sromainj5,Sybyl Romain,DO1ZERQ1
691,rmohamedj6,Ryon Mohamed,PaBaK6WwYtmM
692,ecoutthartj7,Enrika Coutthart,9HnUxwbs2GG
693,nswatej8,Norean Swate,qQcJPyucFwuQ
694,wscatcherj9,Willyt Scatcher,vzsPnm
695,rosgarja,Rosanna Osgar,wimI1IkXH
696,bmatityahujb,Brod Matityahu,AmZR8Z70
697,afirlejc,Aviva Firle,PqsQT4w
698,dsemmensjd,Dicky Semmens,hzNnz4PSXt
699,lbridgementje,Lorrie Bridgement,xLJs4bbcl
700,lharyngtonjf,Latrina Haryngton,NVLkGnpRQD24
701,smullyjg,Shantee Mully,On7DllL7vr
702,gdossetterjh,Gilberte Dossetter,Z0Wsv3D
703,osangji,Oberon Sang,9NaaJUDLi
704,svoicejj,Selina Voice,znxjNxHc
705,vavannjk,Vyky Avann,8QQEFwd6BUZ
706,wstorkjl,Willow Stork,YPSnxNyR93ho
707,zbiagijm,Zara Biagi,ybaKH1v8
708,gclailjn,Geraldine Clail,eVhkTOyOe
709,hparlotjo,Hobie Parlot,7kn5omP4jc9
710,bhullejp,Blinnie Hulle,opnNHBL0UJIy
711,ddallanderjq,Danna Dallander,9n4qqo0wz
712,lspringtorpjr,Lauretta Springtorp,UnkOjcAFXF
713,pionnidisjs,Parsifal Ionnidis,hmtDYA
714,wcurtinjt,Weston Curtin,vD3pyVH7vf7
715,kcastelluzziju,Kimberley Castelluzzi,v70EQasWIw
716,ifillonjv,Iver Fillon,v0L3sVsdXSVF
717,tchubbjw,Tymon Chubb,JtMxWl
718,bschorahjx,Bartolemo Schorah,h750Hjd
719,chayejy,Christean Haye,3reHbCYE
720,cgatesjz,Chris Gates,NqsGPSx
721,rgatcliffk0,Rebekkah Gatcliff,2C1CyDE2En
722,mwhitehornek1,Margarete Whitehorne,sX0ztn
723,scaswillk2,Susanna Caswill,WGwsP8atMUrx
724,cstilemank3,Christabel Stileman,G0SIJfr
725,cmaudsonk4,Coletta Maudson,rDVmUCqF
726,dpenkethk5,Dorie Penketh,6qr21Ix
727,bpeetermannk6,Bobbie Peetermann,um0cA2ODqYR
728,aspauntonk7,Artair Spaunton,Ajnu1x7RSw
729,uwalakk8,Ulrike Walak,Ea6HaWdggcAC
730,darpk9,Davina Arp,nMuCdBQRl
731,bblundellka,Bald Blundell,RLdO2KO
732,rtippettskb,Rinaldo Tippetts,IMYj5Pr
733,epetrukc,Evaleen Petru,Ohiyys
734,nberrowkd,Nicolle Berrow,cYim5xr
735,acuellke,Alexis Cuell,QM0fbhIN
736,wongekf,Weidar Onge,RXR3aR
737,jprielkg,Jaine Priel,hMPxRvUIK
738,weastmentkh,Worthington Eastment,BwMwwkfET2
739,bhawfordki,Barbara-anne Hawford,dd6qCyoO
740,ihonackerkj,Irv Honacker,pGoF0yF7W
741,jvillakk,Jonathon Villa,7Utq7OjLSLa
742,dlangfordkl,Duffy Langford,rOsCHbF
743,rkellerkm,Rickie Keller,9DByXs
744,rturbillkn,Randi Turbill,dW9o4U
745,wscinelliko,Winfred Scinelli,WBhQ9rPO
746,ctownsendkp,Cristionna Townsend,yXHONUY
747,emacdonaghkq,Erminie MacDonagh,oCsggWs5qWD
748,tedmeadkr,Tamiko Edmead,XB6ZEbS00mx
749,nshorrockks,Nanine Shorrock,diYs24Y4v3
750,wkamienkt,Wenonah Kamien,oMX1rCZtON
751,ywaterfieldku,Yvette Waterfield,DybzvYH1zR51
752,eilyukhovkv,Eba Ilyukhov,E9DbUztDTvWH
753,aprettymankw,Aleece Prettyman,f4Dmla
754,psutherlandkx,Petunia Sutherland,3rjUzj6Vhv
755,awyantky,Austina Wyant,2U7XHYmDICK
756,apentelokz,Anders Pentelo,cfkTyBa0
757,agooldenl0,Ave Goolden,LZBcZwUH
758,wciciaril1,Wilmer Ciciari,wSUVjv4
759,cbierl2,Carie Bier,nDtaeZ6lA
760,ialkinl3,Ives Alkin,TB1z643
761,gcaplisl4,Gris Caplis,LIcGAeKKr
762,amahargl5,Arnuad Maharg,KEjs7hn
763,jmurtelll6,Jillene Murtell,QCXcxLySxx
764,lfoxl7,Lexine Fox,dVhmZ4qZ8E
765,rforseithl8,Roosevelt Forseith,sqJSjO
766,bgarrowayl9,Bertine Garroway,FroOjMolP0
767,nboykettla,Noell Boykett,1BVpO7
768,jhatcherlb,Jory Hatcher,oZlptun29tw
769,afrankcomblc,Arabelle Frankcomb,gV6qJSjZ
770,smacgrathld,Sid MacGrath,EaRbhgHVe0
771,jcelierle,Josi Celier,YZFNnuA
772,amaccumiskeylf,Aksel MacCumiskey,nqsnfqfVF9Mr
773,rdelnevolg,Rurik Delnevo,TJfFj5fCO
774,rvardielh,Rosco Vardie,C9VBGdCnQU
775,mbibbli,Meyer Bibb,n8pN3n
776,mblakeneylj,Martica Blakeney,CdjhsnmTHd
777,tdelllk,Thekla Dell,r6YBA4j
778,mlanchburyll,Matthiew Lanchbury,fi5tZ4Bcf8Jq
779,wfilipsonlm,Wren Filipson,WduHpK9DBV
780,lcopelliln,Lucky Copelli,B8oqfyf
781,hsootlo,Hyacinthe Soot,vjdPYEyY
782,mdahlborglp,Morris Dahlborg,2HPNs9R7TU
783,kdelacourlq,Kathleen Delacour,Sic8MlvIPa
784,gmalinslr,Guillermo Malins,9rNe92N27JF
785,ihempshallls,Inglis Hempshall,LIPEwjqaUg
786,smarcombelt,Spike Marcombe,jdWyJxUEMNlp
787,dbreminglu,Dorrie Breming,0u99RaSbfu5
788,erawnsleylv,Emma Rawnsley,dCbo64f
789,jbarhemslw,Jervis Barhems,ha55sG
790,mfishbylx,Marsh Fishby,aYqbJe
791,psnoddonly,Pauly Snoddon,UcLU8N95
792,egoldfinchlz,Emmerich Goldfinch,BFGAO4WNFS
793,dmarqyesm0,Devinne Marqyes,yzFh28F
794,bnicholsonm1,Brittan Nicholson,iX6EbAchnaW4
795,glissettm2,Gian Lissett,IY4PYdAan8f
796,jbranfordm3,Jaymie Branford,RTakX8qKb
797,fmisselbrookm4,Forbes Misselbrook,ibE0CyKYkv
798,ghammandm5,Galen Hammand,8TrtpnKk4
799,gbevensm6,Gothart Bevens,hE4BAJaPnZ5
800,ctorricinam7,Conant Torricina,7YKh2o7sb
801,meverexm8,Maribel Everex,6b4b51PZIQde
802,iattom9,Irene Atto,jNGKLjUSvxaG
803,ghartzogma,Gustie Hartzog,cfxnl1Ay
804,solomanmb,Shandie Oloman,aXjAOEJjB3JF
805,ecuolahanmc,Even Cuolahan,H1wUbRjNe
806,aeilhermannmd,Andrej Eilhermann,hryBwuxPEtC
807,fbigginme,Felipe Biggin,qeV9oIaxZ3eP
808,snobletmf,Sidney Noblet,XAknjbtZ3rw
809,slabbemg,Sephira Labbe,a2UKYJCv6X
810,egandermh,Ettore Gander,WoxdL1X
811,jhealemi,Joannes Heale,O2hd2evvuHM
812,fhuskemj,Frannie Huske,1vv6dX
813,mstammlermk,Mac Stammler,CD6acquTRne
814,gmidnerml,Gloriana Midner,GVoW3rRPAGUV
815,rfawthorpemm,Ruthann Fawthorpe,eifKTVBR
816,dstephenmn,Denise Stephen,ryRP8guyb
817,ltaillardmo,Lilas Taillard,ARG8kZf4
818,dhallmp,Dara Hall,k6epiP
819,fmiliermq,Fabiano Milier,gfbgLK
820,mmarchisomr,Monah Marchiso,hYnddFr
821,pcelandms,Petronille Celand,gBfBJoTJnFa
822,vbortonmt,Vida Borton,wg5Di4Fp1P
823,agallawaymu,Anallise Gallaway,GAHGhlkX4Nky
824,mgodlipmv,Michaeline Godlip,2Pby0am0Mq
825,dkonmannmw,Dominga Konmann,OR45kVefG
826,njouannymx,Nonie Jouanny,ADPbn79Kn
827,ldenevemy,Lanette Deneve,bzHy3Jri6qv
828,ahamsonmz,Alida Hamson,DFPJJoTUD
829,ajakabn0,Alejoa Jakab,QeGbfuxCJ
830,gmackneyn1,Gail Mackney,UGlfVRyeDsVV
831,hdeplacidon2,Hedvig Deplacido,c3TjzUtX
832,ayexleyn3,Araldo Yexley,u1eAEX
833,cbarrassen4,Crystal Barrasse,oC6aPzvg
834,ksouthwayn5,Kip Southway,JiQ7pm0K
835,hlen6,Hashim Le Borgne,ZmSJeSL1hK
836,dbrentonn7,Daren Brenton,kZVrHS8
837,bacottn8,Barbabas Acott,j1LrJx
838,cpriddingn9,Carter Pridding,jSENaauLgT
839,psawyersna,Paul Sawyers,wd29o5oABcjr
840,kcurgenvennb,Kippar Curgenven,9U55zgIbZMQ
841,ckaretnc,Caryl Karet,qMUAHQSF
842,awarehamnd,Andrej Wareham,dBwRcvzdl33
843,eburnsellne,Ebeneser Burnsell,gsGxSrXmVNCB
844,bcaronnf,Berkie Caron,G525nEdBVlam
845,cmullaneyng,Ciel Mullaney,sxNojsR
846,klivicknh,Kaylee Livick,KspEtXCykvev
847,hstonmanni,Henryetta Stonman,VpuKr81L
848,lmobbsnj,Lynnea Mobbs,QiMEn3
849,edenyukinnk,Emelen Denyukin,lqHLi54
850,taldcornnl,Tybalt Aldcorn,h5gfsS2Nf
851,wbuttsnm,Walton Butts,uNi8VMWny
852,awilcenn,Alley Wilce,7WAeqs
853,mplastowno,Melisse Plastow,UHK4MvcucwRC
854,msukbhansnp,Munmro Sukbhans,2UAlcDGmvvq
855,lfatharlynq,Laure Fatharly,dtrFazCbu9
856,cdalessionr,Cordey D'Alessio,LRgpEypG
857,hlowndsboroughns,Haze Lowndsborough,5M5klyMer
858,pdenchnt,Pincus Dench,yjA7zVird
859,zbrothertonnu,Zita Brotherton,dAqCfOY
860,alegendrenv,Anton Legendre,3qZZ5Lp1Rfjm
861,ybabbenw,Yule Babbe,tFVcsw1Ft
862,bpulequenx,Basia Puleque,8aQR7UPfQ
863,hwycliffny,Hermie Wycliff,stVUSO
864,crostronnz,Casie Rostron,zpFAArg1ARUX
865,cwallentino0,Car Wallentin,JHdHTRH2t
866,rkarppio1,Rachele Karppi,ZEl2Vzy4j5
867,imayhewo2,Idalia Mayhew,x08M1Vv9snBv
868,swhellamso3,Shannon Whellams,ew0r6IOB
869,nturfeso4,Niki Turfes,AItOssm
870,omougeoto5,Odelle Mougeot,yWb08sBsd
871,kcareyo6,Karly Carey,XW4HfyJCpIT
872,bcottemo7,Brittne Cottem,mznSYKH
873,bdicto8,Brit Dict,I4WwwzsL
874,rkrabbeo9,Rog Krabbe,2sV8cZQ
875,rphythienoa,Rodney Phythien,UqXQ3b
876,hbigglestoneob,Heather Bigglestone,EES332
877,cludwelloc,Cyrus Ludwell,nZtzxby45wD4
878,fferryod,Fayth Ferry,66Ue5CyWpru
879,kbenezoe,Keen Benez,MeZkZDgI
880,bdudenieof,Barbe Dudenie,HevdzdRYK78
881,cmedendorpog,Cristen Medendorp,EmC0ii1EdA0e
882,jreussoh,Janina Reuss,k2Er0v3aV
883,mdoodsonoi,Myrta Doodson,kDeu4hO0qs
884,mlennardeoj,Moe Lennarde,3Upcjdml
885,kdobrowskiok,Karina Dobrowski,C7hAeRs
886,tmcgrieleol,Tomasina McGriele,cyzCEtC1wK0
887,wgergelyom,Wren Gergely,Zacy2brsQ
888,mhauxwellon,Marney Hauxwell,VQAFljHHDo
889,elewsyoo,Elfrida Lewsy,L6vP8pGqSPSO
890,eyarwoodop,Evangeline Yarwood,ksbs2x8p
891,lpiddingtonoq,Letty Piddington,t9FhpHOOM
892,gglasneror,Goldia Glasner,ZPZog5pfJTN
893,ekermeenos,Elsey Kermeen,NV6SZL
894,cspittleot,Consuela Spittle,JRzKZ8y1e6
895,mvannoortou,Megan Vannoort,pDcRjYHBA0t
896,jslefordov,Jedidiah Sleford,Oyjas4aYW
897,jhadgkissow,Josefa Hadgkiss,5hCQYuSX
898,delsopox,Diann Elsop,ILVaLiByKUX
899,blarteroy,Bertha Larter,bhZ6xkU
900,droskamoz,Dehlia Roskam,abhiMoz
901,bscarsbrookp0,Bowie Scarsbrook,SXViGr
902,rmccrystalp1,Ricca McCrystal,II7zLk47Fue4
903,ekabschp2,Essy Kabsch,Zoy5V9
904,tclifforthp3,Town Clifforth,5PsKF7
905,gdaverenp4,Giacobo Daveren,oqz9mlxGiaHy
906,mdurningp5,Merwin Durning,5AoPIR
907,jgamblesp6,Jonathan Gambles,n582mcAtNU
908,cnewburyp7,Cash Newbury,H9AW86g5
909,aebbagep8,Amelina Ebbage,R1KZYzezRP
910,rempsonp9,Roslyn Empson,ClILZoyOdW
911,sifflandpa,Stefanie Iffland,N0NMT4HVi
912,gzanussiipb,Ginger Zanussii,bxxqb7ROy1
913,smaserespc,Susana Maseres,uCf2dv3go
914,ofoucarpd,Obie Foucar,HsERbaFO82C
915,hmalcolmsonpe,Herschel Malcolmson,isxHg7
916,gcourvertpf,Gauthier Courvert,77eErq9
917,jfoukxpg,Jake Foukx,ZkxQjY
918,dpashlerph,Denyse Pashler,5Ii07YRy38OQ
919,kmccaskillpi,Kennith McCaskill,aEKgCTCUue
920,dalsteadpj,Diane Alstead,rjiKk5
921,msealeafpk,Maxwell Sealeaf,b2JKcRHB4tO
922,cskynerpl,Cross Skyner,VCJdanp4
923,csheringhampm,Ced Sheringham,VjBsBwA1
924,ckellettpn,Coletta Kellett,XZBsxh7
925,cmoodiepo,Chrisse Moodie,fG2NUEFB2s2L
926,mgillilandpp,Madeline Gilliland,atMee7n
927,tbouslerpq,Timi Bousler,jcvqYgQxhyOK
928,cleathwoodpr,Cleveland Leathwood,JmkYcRTA
929,wleathwoodps,Willie Leathwood,oHcjoWrvf8BW
930,llockhartpt,Leonora Lockhart,mruhaF
931,dpalkepu,Derby Palke,D10xBwdnQM1
932,ldufaurpv,Lizette Dufaur,Cbl6Oz
933,cnorwaypw,Cindie Norway,Jh1HgflbvHHO
934,tkalinkepx,Thurstan Kalinke,FxlUr6f
935,fhalburtonpy,Fonz Halburton,wkbzCqjVn
936,lhatwellspz,Lew Hatwells,B43eWyJx
937,tcominsq0,Trisha Comins,10th76d0b
938,aemmanuelq1,Archer Emmanuel,xFlhlMPwExqD
939,rcaveillq2,Red Caveill,2dDv5vi5S6Y
940,mtookeq3,Martguerita Tooke,lB3vzNwCag
941,tfiveyq4,Tripp Fivey,cpD9fJ4e2
942,kparkhouseq5,Kirbie Parkhouse,ctuYtZT
943,ksinclaireq6,Kikelia Sinclaire,3weR7xV
944,tboutellierq7,Traver Boutellier,dRhO9U
945,fbuttersq8,Fannie Butters,bPBrs8KY4zl
946,gtowseyq9,Gothart Towsey,N2w7zfUnHIzH
947,tcragellqa,Tracee Cragell,awC0QloLy
948,pbroydqb,Pietro Broyd,QwY5S7
949,hcastellettiqc,Hubert Castelletti,A0LhFIV
950,mjerochqd,Mirna Jeroch,0NCIeJ15h0
951,sdalyielqe,Sylvan Dalyiel,Z5XwF5
952,elongstaffeqf,Eberhard Longstaffe,ZTWTveWjyp0Q
953,smctavishqg,Sam McTavish,eQrBpWOpJgS
954,sbirdenqh,Sydney Birden,F51wagU0AQ6z
955,nassirattiqi,Nikolaos Assiratti,aJakBl49
956,wmcmasterqj,Web McMaster,Js1DcS1D
957,gaugustinqk,Gilbert Augustin,syhGssgDtRuv
958,nyakuninql,Nana Yakunin,pTZjWzzvU
959,emarcroftqm,Enid Marcroft,SxMyWOcPtV
960,lmessrutherqn,Lazar Messruther,oFOLkbDF
961,rcapplemanqo,Rufe Cappleman,rYGZcfEXGS
962,umeniloveqp,Ursulina Menilove,rcYcKoVtIxJD
963,wrumbleqq,Wallache Rumble,KkNBlT6Bax
964,bculpanqr,Briana Culpan,BCxXAmK
965,jdcostaqs,Janos D'Costa,GVSJiHZ
966,cgiacomozzoqt,Cicily Giacomozzo,G9PkoV
967,mstuffinsqu,Melisent Stuffins,du3doFZgQGw
968,mbamberyqv,Myrtle Bambery,NaJ8tV
969,gluckettqw,Gaultiero Luckett,IuzyS8BMGIg
970,agilliseqx,Adrienne Gillise,kIQ9LMI4c7H
971,mlindqy,Martainn Lind,FsqZgRuQTH
972,ddeexqz,Debora Deex,luwWkF3G2
973,apobjayr0,Arly Pobjay,wZTepebAWw
974,agorthyr1,Annadiane Gorthy,DCdcTTkfMmJr
975,rarnaudotr2,Romona Arnaudot,2dSoOc
976,bmaccoveneyr3,Belinda MacCoveney,E7fsdzw9m0aS
977,lforresterr4,Loretta Forrester,hUks6kl1eFx
978,iburgynr5,Iggie Burgyn,PLBjvImK9Tsr
979,belkingtonr6,Billy Elkington,Sze403fxk
980,mkarranr7,Merill Karran,090pZQp
981,bansleyr8,Barry Ansley,82vGxbrA
982,dopferr9,Deirdre Opfer,nc8Vy260vBAZ
983,dcammockra,Dody Cammock,iBXhXme3D
984,bfranciskiewiczrb,Bryon Franciskiewicz,B3dS4J
985,psmartrc,Philippe Smart,aNyoQTy60
986,ekoenraadrd,Erika Koenraad,L00nFM0z
987,hoconnollyre,Hayes O'Connolly,x76cStR
988,ckarlowiczrf,Charmine Karlowicz,GPUrls
989,estarmontrg,Etty Starmont,Q5gqoYz
990,mbolerrh,Mercy Boler,H2YnsZcqZtC
991,jworsfoldri,Jervis Worsfold,KViBFjx8u7L
992,laddeycottrj,Lolly Addeycott,Brym3ezbAC
993,tfarleighrk,Terry Farleigh,iRa6BHr
994,swinwrightrl,Shelly Winwright,jfd1VbIcKxgh
995,fleregorm,Feliks Lerego,wSSWOFEX7Fif
996,bdinglern,Britta Dingle,X0CbmrA
997,sstaningro,Sherlock Staning,TDSw0fB
998,sdabernottrp,Shina Dabernott,pT9psPh9woW7
999,rlatanrq,Rochette Latan,Vuz8Gh
1000,jcloptonrr,Janelle Clopton,RsxNpyVdEO
