RUid,RUUserName,RUFullName,RUPassword
1,akeyworth0,Avery Keyworth,JthY9hPEj
2,itille1,Ike Tille,Ck0oQb15vA
3,tcornish2,Tisha Cornish,aNRTrNU6z
4,jvinau3,Jami Vinau,XmcplNiL
5,psollett4,Perren Sollett,IyY1u081J
6,sbaynard5,Saraann Baynard,LnWepwsK
7,nchurchyard6,Nevil Churchyard,akm1JY7SuolD
8,sjeffels7,Sybilla Jeffels,fnJSoW
9,htuftin8,Hussein Tuftin,P57zGtz8AV
10,uparrish9,Ulrich Parrish,dA0HxOSCIvy
11,hlindenberga,Hadrian Lindenberg,Lu8TfibMPn
12,plimprechtb,Phyllys Limprecht,Mc4PlXJ
13,dnorthagec,Dorena Northage,TL9ojR1HU2RS
14,tberteletd,Trev Bertelet,fMiVseAAWEi
15,cradloffe,Cora Radloff,UCSz9q8
16,gasplandf,Garv Aspland,0hb4vkG
17,aolivierg,Abra Olivier,c1el1aFkvGm
18,tdinnegesh,Teri Dinneges,cOnFRmC8nDa
19,browlingi,Basilio Rowling,ScZj5ilTp
20,eknowlsonj,Emiline Knowlson,4CfxPt
21,hlaskeyk,Hamish Laskey,IRv0PZswax
22,llinkleterl,Lorinda Linkleter,nFDzdgL
23,jpridenm,Jane Priden,hDUQf0RXe
24,gdavidekn,Gertie Davidek,KoVnvMe
25,rfryero,Rutherford Fryer,5Dy1YpsKwJ
26,oscarthp,Oliy Scarth,ao9yLDT4l8
27,jmatthaiq,Joan Matthai,XnrGJ1oQx
28,mionr,Marijn Ion,lKOmf4
29,amyries,Ardisj Myrie,BdgCc1yj7E
30,rcastrot,Roderigo Castro,sbP7kX7c1Y2S
31,rbellenieu,Randie Bellenie,Xg0cs5
32,mgarritleyv,Mignonne Garritley,OnPF2Iu
33,clew,Correna Le Surf,xQZhca
34,ltrevnax,Land Trevna,KpvLe5
35,dmickleboroughy,Davine Mickleborough,m8nim7m
36,dschuckz,Darrel Schuck,yO9E1MYAb
37,bthornthwaite10,Berti Thornthwaite,aLFnlf
38,wjacklings11,Winnifred Jacklings,r64bBEi
39,epietrusiak12,Emmery Pietrusiak,RAVQ3s7
40,mtrue13,Moreen True,dcs4e43DZ
41,ade14,Ally De Simone,ou20gRlh97D
42,wswindles15,Winny Swindles,splzGgkZjsK
43,thallex16,Talia Hallex,WU4WsA
44,fsuche17,Frank Suche,UQpVaqdWZ6
45,kdurbann18,Kelby Durbann,xCZS4yNT2xK
46,pkorb19,Peyter Korb,HtLAH3P1Ket
47,bwagnerin1a,Bertrand Wagnerin,hHyrndlUm
48,sgorling1b,Spence Gorling,1kSy8QDo4
49,tlogg1c,Timofei Logg,3qMGW3
50,agaroghan1d,Andy Garoghan,llXmyCimvB
51,hroyston1e,Hyacinthie Royston,DAiliI
52,bhaston1f,Barty Haston,7123S0ZnfCIk
53,rmarrow1g,Rudyard Marrow,5CFMzi9J2e
54,fchurch1h,Fayre Church,K7OTmewkONt
55,kdriscoll1i,Kliment Driscoll,uSiSMRYDCK2
56,lship1j,Lynna Ship,9cBhha2V2YV3
57,kkobpa1k,Kipp Kobpa,6i3bGiMQewN9
58,gskarman1l,Gisele Skarman,kSTgVr
59,wcornewell1m,Wilek Cornewell,ODQTwb9T
60,ocreeber1n,Odell Creeber,z5dB7J
61,rellershaw1o,Rees Ellershaw,B2aUBr58
62,lanfrey1p,Loise Anfrey,mNDhtz8txo
63,bpepall1q,Bryce Pepall,u1QRMmQr1
64,wcordel1r,Wilhelm Cordel,HsNUSCl
65,smartinson1s,Sigismundo Martinson,Ll2mGyuP
66,ashearmer1t,Adrienne Shearmer,FzCBJHDl6c
67,cmathissen1u,Cicily Mathissen,F1RupTq0q
68,dmatusovsky1v,Daphna Matusovsky,dDs4EBrQVMi
69,cmcgiffie1w,Candida McGiffie,YOnejHdBtdzw
70,fanger1x,Fabio Anger,fJrYmgNdGYPA
71,cglendzer1y,Cassie Glendzer,ipuktz0U
72,gmorfell1z,Gisella Morfell,If8uEgl
73,llewry20,Lacy Lewry,BafkaMuaOiOX
74,jschwand21,Jaynell Schwand,eERSYM7cIvsp
75,fbolland22,Farra Bolland,lHOdoF3k1eE
76,soattes23,Suzie Oattes,QZAi1gUIsv6
77,sdallemore24,Shaine Dallemore,E9bWDxI
78,dmayling25,Derek Mayling,7dUBJ2Ity
79,cmcevilly26,Cletis McEvilly,RLjSJnH0
80,tdobbison27,Tine Dobbison,YMMz4h
81,smosdell28,Stanislas Mosdell,ARRmvWkZ
82,jdarycott29,Joelly Darycott,nqgtRUnbl3
83,gtuckett2a,Garret Tuckett,0qjo1AKEbP
84,scatcherside2b,Steward Catcherside,3J85SIbLc
85,gescolme2c,Gabriele Escolme,GBOR0HArkq
86,csinott2d,Cletis Sinott,Mvg5evd2
87,atotaro2e,Ariella Totaro,mZYJt7P
88,jthurby2f,Jard Thurby,LU4eeUbp
89,bbroggetti2g,Billy Broggetti,uTC56ExnGTK
90,acapaldi2h,Alvis Capaldi,BmdAeCl9CRd
91,bmahaffey2i,Bernadine Mahaffey,EPKAqct9ljN
92,jkeeler2j,Julia Keeler,NZcXs9pz
93,iatkirk2k,Ilise Atkirk,FTXHrHW
94,keglise2l,Kenon Eglise,x9BYkrGK
95,tmoncur2m,Tessy Moncur,ZMLbKmL
96,kbeckett2n,Kelwin Beckett,B3n9Ah
97,mwebburn2o,Marleen Webburn,mU8UYcywFkW
98,gsworder2p,Guillaume Sworder,9zfGJPgpR7lM
99,lbrumwell2q,Lorelei Brumwell,XLfv6kixa9F
100,tborkett2r,Tania Borkett,0ucFnWLfFLxp
101,jimmings2s,Janelle Immings,a5fzrHUOl
102,saaronson2t,Shaylyn Aaronson,oIztM63p
103,slyste2u,Sophia Lyste,99B8KVHQo
104,rchieze2v,Roberto Chieze,tBtmNm77
105,stschierasche2w,Sauveur Tschierasche,6bF7lvNI9P
106,smeriguet2x,Shelden Meriguet,MMNFPdkr87
107,kspires2y,Kym Spires,LdeoUKAR6kx0
108,mpyke2z,Miranda Pyke,6ehuNJ
109,ccordeau30,Carol-jean Cordeau],jxTQkv5o
110,sjiracek31,Sancho Jiracek,a6zpQUEpgT3
111,rfleay32,Ryley Fleay,vkkx4gOFv7
112,zhindhaugh33,Zorine Hindhaugh,Vtwxs1S
113,ctinkler34,Cristina Tinkler,OVhteB
114,nlorimer35,Neill Lorimer,fVmbeV2uXP
115,lruppertz36,Liv Ruppertz,FrJbUWfve
116,xfiorentino37,Xylia Fiorentino,5G2gwMeqE
117,ekrugmann38,Emlynn Krugmann,46PeAQRiH
118,rkinchin39,Reilly Kinchin,tVlsWIzIO
119,ahawtin3a,Alejandro Hawtin,9soQLSojfV
120,fpally3b,Franklyn Pally,AZhMP1jj
121,xdorracott3c,Xenia Dorracott,FYGulnqEGP
122,udentith3d,Udell Dentith,zYvrrZ
123,trawdales3e,Tiler Rawdales,ALXmMYQEj0C
124,wpurkiss3f,Wren Purkiss,UOMLdMdBpye1
125,uaynscombe3g,Udall Aynscombe,bPhL3sMANpQv
126,jpalmer3h,Jyoti Palmer,d50kBJks
127,lcastagneri3i,Letta Castagneri,2PuFQWBq
128,rsinclaire3j,Ruttger Sinclaire,5aW7vMSPLm
129,sponceford3k,Storm Ponceford,M0YzTpw44z0
130,cguess3l,Cyrus Guess,uuwGpF493sxv
131,rgrainger3m,Rahel Grainger,RkThUUy5U
132,bgateland3n,Bucky Gateland,vxN4sl
133,sdelafield3o,Sancho DelaField,8gwXZ38P2W
134,kmacskeaghan3p,Kaleena MacSkeaghan,ruxOWwTL
135,syoud3q,Si Youd,QxhafmQ
136,rbeament3r,Ronald Beament,8G7QsTpQ5WQY
137,srames3s,Sacha Rames,WzLY9v
138,chabbergham3t,Candace Habbergham,o3cAeICZ
139,araggett3u,Allyson Raggett,OjhgYgoUHCV3
140,jarro3v,Julie Arro,sEa6Q0
141,hsimmance3w,Hyacinth Simmance,1Mrt2ZqKM54
142,jedgin3x,Jules Edgin,ahVykObn
143,fjeduch3y,Farrah Jeduch,emZzpLX7n
144,ihalligan3z,Ingeborg Halligan,toftKb
145,bprophet40,Beth Prophet,9OrSA1XxsOIK
146,vshilling41,Vlad Shilling,xS9v9ixoSE
147,sboycott42,Salomon Boycott,Q8aRn8qc1Ms
148,agarrick43,Allys Garrick,AOwhUpwkcn
149,hmingardi44,Helaina Mingardi,MF4zMtgn
150,igebbe45,Itch Gebbe,2txjvfvp
151,csagg46,Crystal Sagg,GvTaPAutzsaf
152,gllop47,Galina Llop,2haduFyATdH
153,bgrasha48,Bendix Grasha,yjvzArQQZh2p
154,fmaytum49,Florri Maytum,QEwYFcMOrMN8
155,kberg4a,Kean Berg,Giirgic
156,abutt4b,Audie Butt Gow,lIaLtFpy
157,tmoulsdall4c,Toddie Moulsdall,9028HBgMOam
158,cgreig4d,Cos Greig,Jde6EZOr
159,htilt4e,Hakeem Tilt,Cn7UIsOAPYjL
160,iboniface4f,Inger Boniface,xuXLuqWALf
161,rgaratty4g,Ruthe Garatty,7BTsiEd8I5
162,mseacombe4h,Micky Seacombe,WOnVw7LvT
163,mslainey4i,Matty Slainey,ODll3ALIC
164,rdeevey4j,Rae Deevey,i2JXhheNwtk
165,mhehl4k,Mohandis Hehl,sqRUxjr
166,rbenech4l,Rodie Benech,16CqelYD
167,sburnhams4m,Scotti Burnhams,9zWXP0n4
168,mteasell4n,Mord Teasell,tpzRA0izR
169,mducarme4o,My ducarme,rC4Ar2Pde7
170,dfilyashin4p,Darda Filyashin,qLlkVHc0JgTH
171,bpeaseman4q,Becka Peaseman,u1L5KV1IJd1
172,jwoolcocks4r,Jonis Woolcocks,pSmgnm
173,gtanzig4s,Gawen Tanzig,lp0nmfD
174,ltuting4t,Laverne Tuting,LyGIxDiK
175,clyptrade4u,Cori Lyptrade,2ikNYiTsi1oC
176,sbarca4v,Shaylynn Barca,lRBzEAX87k6f
177,ldocksey4w,Lin Docksey,VJkF6edPFfF
178,rivanyushkin4x,Rosita Ivanyushkin,LOD7PW
179,cveysey4y,Creighton Veysey,vi0TNH7mylv
180,tfernyhough4z,Teddy Fernyhough,j1Kp186uE8C3
181,droad50,Dorothy Road,g4wtQmKo
182,wbudnk51,Wain Budnk,Rxk9DfSUzB8x
183,rloosmore52,Rosemaria Loosmore,OJM4q0OdA70H
184,dmilington53,Doy Milington,FRnQMP
185,ifeeham54,Iormina Feeham,US0MkM
186,jwall55,Jermaine Wall,mTBdBli
187,mbendelow56,Muffin Bendelow,HmdGFixHd
188,bberka57,Brice Berka,C4mJDu
189,ocaudrelier58,Olenolin Caudrelier,YgKo29NT6
190,atinkham59,Angel Tinkham,jsqk0QAXLwq
191,arockall5a,Alys Rockall,FmlUqU996xd0
192,jbidewel5b,Justino Bidewel,bxbj7P0UxfDq
193,emooring5c,Erek Mooring,18V6CzD4RIe
194,dkingscott5d,Doralyn Kingscott,mIE9tRYEIm
195,nmazzilli5e,Nanete Mazzilli,K2CeO5cWkfmb
196,apitney5f,Alley Pitney,AwXEFsQSdLSO
197,jmorfell5g,Jareb Morfell,aKkAEerQp
198,epatty5h,Edsel Patty,YeXYQZS7Z5
199,schasemore5i,Shawnee Chasemore,AVnuoU0sdAu4
200,wkarpinski5j,Wanids Karpinski,mL0FlY5jbdp
201,ctrundle5k,Concordia Trundle,jhpoMrc
202,cbellwood5l,Colline Bellwood,3YDsuDp
203,xlyston5m,Xymenes Lyston,8Jr0XSyy
204,tstebbings5n,Tracy Stebbings,Dg5xGZP8T
205,isivier5o,Idalina Sivier,FVcLMDyZY9xL
206,mspiller5p,Meredith Spiller,R8KjuufChJ
207,pmacguire5q,Phyllys Macguire,Nznim8fwOk9p
208,lwaddie5r,Lanny Waddie,gMaXAhJKc1Yc
209,wspringett5s,Willamina Springett,g09VirSK2
210,aboch5t,Analise Boch,bOBMjLI7
211,ddymott5u,Darby Dymott,crnsY7
212,jthackray5v,Joceline Thackray,V7FdCd1gfo
213,mcanet5w,Madeline Canet,Wvpwim
214,kribchester5x,Kimmy Ribchester,L76usBny
215,wketch5y,Wyatt Ketch,JdeWvVr2pva
216,hhaucke5z,Harwilll Haucke,nx2RmK8EFgtF
217,fleatham60,Felecia Leatham,CmktgbT49
218,clanceley61,Catha Lanceley,hfwb5RPY
219,dduffree62,Donnie Duffree,QMUfTxt0tB
220,clauga63,Celine Lauga,wR7rX4
221,cmartill64,Casandra Martill,KYX1KncTwC
222,mdutnall65,Marcelline Dutnall,AbZC3EGBGR
223,mvasyuchov66,Madeleine Vasyuchov,UMt6D7sTQ
224,cransbury67,Carmelle Ransbury,7YBPeeR
225,afanshaw68,Aridatha Fanshaw,rzfLgpE
226,mmacneilly69,Matthieu MacNeilly,Hp27aR
227,ngrayne6a,Nevsa Grayne,cahB6MtbDL
228,metchingham6b,Maitilde Etchingham,Cr74D3VB0
229,bskellern6c,Bobbie Skellern,FdVSH02FE
230,scarrodus6d,Storm Carrodus,b7GxjXAJh
231,csouthernwood6e,Cary Southernwood,4uAYXz3lVhMM
232,lwashington6f,Liva Washington,rYCDVW4
233,cconnors6g,Conney Connors,1tFHkOgz
234,esargeant6h,Elisabeth Sargeant,xiJldsBoI
235,rivimy6i,Robbie Ivimy,9j5UrFqmA
236,fsaben6j,Frederich Saben,04MZy8h
237,ktortoishell6k,Karin Tortoishell,UHHMrybV
238,bsorel6l,Blithe Sorel,GiSKECORx
239,dzapatero6m,Dannie Zapatero,5hUbxcuTRS0
240,cchesley6n,Carter Chesley,2WwwfI
241,jmacgebenay6o,Josepha MacGebenay,FGQLHAsap1G
242,amckelvey6p,Andree McKelvey,IqvieNRh
243,dmollene6q,Dominique Mollene,E2lLkjxrOb
244,sgebbe6r,Sib Gebbe,gk0WN9M8Nvw
245,acrone6s,Aubrey Crone,iX6o2Xy5y5Dd
246,aplante6t,Abigail Plante,4Zx1qJPy
247,dbest6u,Dugald Best,wju8ak2p
248,abessom6v,Annmaria Bessom,lYrGBcAO6rj
249,scrux6w,Sigismundo Crux,FkHitDVRJCM
250,aolive6x,Abbe Olive,NFWi1N3YU
251,pstott6y,Pryce Stott,WzqbnVMN
252,tsuggey6z,Tremain Suggey,VAZN7SEr
253,hdaunter70,Haywood Daunter,6wAnOYcL
254,eogus71,Ellyn Ogus,fDI6ajCm
255,daldrick72,Delores Aldrick,QZRvAFgmta
256,sisles73,Siward Isles,q3midd05GK
257,cwillison74,Chad Willison,T6vCcG
258,vrooney75,Vincenty Rooney,L7l6qRzZ
259,hjanuszewicz76,Hastie Januszewicz,ZUzjxt5Prn
260,cfarries77,Clarence Farries,L6HFRAM675LZ
261,gmiguel78,Gweneth Miguel,QOOtLACMsLeP
262,ssporle79,Sosanna Sporle,1yaO9xMzgH
263,jroseveare7a,Jamie Roseveare,H3w8COGSa4e
264,ewythill7b,Eldridge Wythill,U1wiPt
265,tbromby7c,Trueman Bromby,xFET7l0OD
266,rgermon7d,Ronni Germon,G1up3a5BhN
267,tsherel7e,Thaine Sherel,3B7uurpVva
268,wlittlechild7f,Westbrook Littlechild,BeGRFUd
269,amarlor7g,Ambur Marlor,LHXfrE
270,adeverick7h,Anya Deverick,8E5WSCbd
271,rcrosdill7i,Rhodie Crosdill,CxaHAci
272,rfouracres7j,Ronny Fouracres,UBZ3AT1
273,bcheeld7k,Barbi Cheeld,jggH0x
274,rbenley7l,Rollie Benley,HjnZnM57Fv4
275,gdelafield7m,Gretel DelaField,u8RrSn5XT
276,cmilberry7n,Cathyleen Milberry,6oUwrB
277,elonghorne7o,Emlynne Longhorne,OSVKCufR
278,aphoenix7p,Appolonia Phoenix,gfZixC5B
279,rragborne7q,Raul Ragborne,3WIV9oP1
280,bsyddall7r,Bryanty Syddall,jhTN9BGH1
281,mrafter7s,Mannie Rafter,MWCkfT
282,nnussen7t,Nancey Nussen,hJiGWcc6
283,nmennear7u,Netti Mennear,xxzpYMem
284,rateridge7v,Rosene Ateridge,ix53ou56CExt
285,fkubica7w,Filippa Kubica,xDs9y0gu8p
286,fbrant7x,Fulton Brant,G7nJF3
287,dyarmouth7y,Denney Yarmouth,ajWyNGPZ30NV
288,hbuzine7z,Hattie Buzine,4eGtXsSNNE
289,mtalman80,Miller Talman,A2qFGioR
290,sfazan81,Skylar Fazan,zEJxucm
291,rnewart82,Rozanne Newart,4clej86L
292,acambridge83,Antons Cambridge,Jf5tHKlAtc
293,mmedlin84,Marthena Medlin,Jk6FgC
294,pdominik85,Prisca Dominik,BOiV5aqL
295,astott86,Adriane Stott,tDfPI68q5
296,hducker87,Hadria Ducker,KLRV3cH8F
297,mwotherspoon88,Marcellus Wotherspoon,7ap3ccX
298,dsummerlad89,Dannie Summerlad,SV6u2r7l
299,arubee8a,Annamarie Rubee,RmeZfGALDJ
300,amayhew8b,Addy Mayhew,gAF3Jye3za
301,dmathieu8c,Dael Mathieu,4Xs8B6aWeoJ
302,mmcowis8d,Merrile M'cowis,3XQWERQAD9t6
303,phulland8e,Patric Hulland,MF0h85jeo
304,apolkinhorn8f,Allan Polkinhorn,GXgC1AsnviV
305,jstert8g,Joana Stert,MhKVoW
306,tseath8h,Trudy Seath,SERFZx6ZRu
307,rbavridge8i,Rosemarie Bavridge,GvUPCSOhac
308,rfairest8j,Rodolphe Fairest,yBu9BLcI
309,bmcglashan8k,Beatriz McGlashan,7O1sBB
310,rgiocannoni8l,Ryann Giocannoni,CqDba8894
311,dhuffey8m,Debby Huffey,jqvVZt
312,jmilmith8n,Jesus Milmith,o26q8PFrua
313,oheinert8o,Orel Heinert,NE4VR6GKg
314,agoathrop8p,Ayn Goathrop,jsNiHqu5oy
315,dklemencic8q,Daron Klemencic,g5uN0e
316,dgarn8r,Dell Garn,VqVla0iOQyu
317,ctibbotts8s,Charmion Tibbotts,Ajn3lBzvQ9ig
318,nvergo8t,Northrop Vergo,j8aun1y
319,jharsant8u,Jennette Harsant,9tF0Vhys
320,acawthera8v,Augusta Cawthera,K1NJPy
321,rbernardoni8w,Rafa Bernardoni,p7Y4cg2bJ7Nx
322,jglaysher8x,Joby Glaysher,mZZ7T3Y
323,jallsopp8y,Josey Allsopp,EMdqeS
324,mgrute8z,Merle Grute,bz031g
325,mbrussels90,Mildrid Brussels,syllpOOi2tZ
326,malderton91,Mateo Alderton,vrq9ugWh1BFT
327,helfe92,Henka Elfe,Ar7qtN
328,ktogher93,Kimball Togher,vkT6Ca
329,dlinke94,Doralia Linke,wRdtYL
330,ctoderi95,Carine Toderi,NoF8Hykv1eSq
331,cclemenzi96,Claudelle Clemenzi,L1uJHuatGI
332,vwalklate97,Vladamir Walklate,m10trYEcLVc
333,ide98,Iona De Maria,X23xZEh3Tu
334,estorcke99,Edithe Storcke,qcYiPHVO
335,pmedendorp9a,Pascal Medendorp,ylhtxTWQ
336,ttinto9b,Taber Tinto,8mhkKMT
337,fcrossby9c,Fiona Crossby,1wTte7MbI6H
338,aleechman9d,Ansley Leechman,gabnqqfQhr
339,swheaton9e,Staffard Wheaton,Mwas7K34tI8X
340,smurcott9f,Sheeree Murcott,NtvCOb2DBj86
341,lcrepin9g,Lawrence Crepin,KFYzDqF7fqm
342,rburkwood9h,Roi Burkwood,J1WHVzSD
343,karchbutt9i,Kim Archbutt,k42V9O
344,nclemence9j,Nickie Clemence,x1BXuge
345,adale9k,Alfredo Dale,5A5gdO1cQ
346,track9l,Tommie Rack,AcSIMMaA6bJi
347,fmulqueeny9m,Friederike Mulqueeny,RG3adHxZvGKk
348,hbethell9n,Hertha Bethell,prgvTF
349,cmartin9o,Caron Martin,nFrhsxPfJ1
350,edoulden9p,Ernaline Doulden,gwmw4dO8
351,sransome9q,Siward Ransome,s8NknZbaH
352,brickersy9r,Bili Rickersy,9wEpNK0NRM
353,lmelliard9s,Linet Melliard,CqLTa4qbx
354,wtitterell9t,Walton Titterell,sitYFvfD9
355,rsigg9u,Roselin Sigg,lSXIwyaeD8qo
356,cboddymead9v,Carena Boddymead,5WWxSFTb
357,hpetracci9w,Heinrick Petracci,FuNvthTdS0FE
358,dhigford9x,Dru Higford,V82hDLKYq
359,vnaisbitt9y,Vida Naisbitt,w47ckaX
360,kcathcart9z,Kasey Cathcart,YTHo84sJ7
361,iconnerlya0,Issy Connerly,dsVym5WfevaM
362,dtunesia1,Dayna Tunesi,NLD9GBt4Pmc
363,ytunbridgea2,Yancy Tunbridge,DCyvu5UICm
364,hferruzzia3,Hermia Ferruzzi,NrYKdiiJGm
365,aabramovica4,Adriaens Abramovic,bQCoM32puO
366,tblackboroa5,Tripp Blackboro,jspQ6i
367,rbonsula6,Renado Bonsul,htvMHO
368,lserrisa7,Lesley Serris,b5zqnptKWZ
369,agonnela8,Arielle Gonnel,IrGY2tEkqVT
370,cbrowna9,Christin Brown,XoBlkmDJka
371,wsousaaa,Wendi Sousa,DqZHBIx
372,cjakubiakab,Corri Jakubiak,3gbzAY3u
373,belwynac,Brittne Elwyn,ArdM4SCFh
374,ccardusad,Celle Cardus,fmz79HRW4
375,kgorckeae,Keri Gorcke,gtieI6RKl
376,ccovertaf,Chery Covert,dzloiGXdT
377,lstoteag,Laney Stote,Ql7qtVX
378,sgiralah,Sigismond Giral,BWx57AtivF
379,wkleinhausenai,Wilbert Kleinhausen,gfnDpA4rdUw
380,tandriniaj,Tatum Andrini,kr1sBk245SmP
381,jadenetak,Janeva Adenet,sAyb4gSG4Cl
382,sourryal,Siobhan Ourry,8FGmqtP
383,mdullardam,Miner Dullard,3weXJicq
384,bfinlatoran,Bobinette Finlator,EYmYttR352
385,nyateao,Nataniel Yate,WzeuDMJ
386,bfassbenderap,Brody Fassbender,AryPbZA
387,jbengalaq,Joseito Bengal,ECb6GI8xq8W
388,asheftonar,Al Shefton,Zq6vO6xAk1av
389,sbecceraas,Sterling Beccera,5GdT3Si
390,vshepheardat,Vanya Shepheard,9IocsgzWO
391,jfrankcombau,Jessie Frankcomb,3ee4E7pixCU
392,preynardav,Paolina Reynard,qitUzjls
393,lrohlfaw,Lin Rohlf,fKyfjoMGYc
394,qingletonax,Quill Ingleton,Z5Du9OiL
395,dmarkieay,Deva Markie,n7fkqbod
396,jwoolfaz,Justinn Woolf,xw2jTA
397,rharnimanb0,Rowland Harniman,EDq7nXcl
398,rroscampsb1,Rickey Roscamps,SunxMF4VqU
399,jsommervilleb2,Jamison Sommerville,I3a4OW
400,ajodrelleb3,Agustin Jodrelle,qPJpwnWR
401,showmanb4,Shell Howman,T6teKjo
402,fcansdillb5,Fanechka Cansdill,jxClhVwOwi
403,ilepardb6,Iggie Lepard,s1HmQ3cxZj
404,skornasb7,Syd Kornas,2A5WGb55vD2f
405,vleathamb8,Veronike Leatham,gc86fT
406,abrixeyb9,Annabela Brixey,J9Dzgxq87
407,ftomkinsonba,Feodor Tomkinson,79L5lX5ErMy9
408,tmonierbb,Titus Monier,U5gxBa0FS
409,nstainbridgebc,Nerissa Stainbridge,pOaaBpW
410,medneybd,Madalena Edney,uI7yVypb5d
411,llebrunbe,Lorenza Lebrun,96udrldJy
412,carkleybf,Colas Arkley,hD0dsZcUzO
413,binglefieldbg,Blakeley Inglefield,NeSLkGOtUMd
414,aaersbh,Arlyn Aers,ZBWPyH
415,aperrygobi,Annora Perrygo,8vSt1CQ1
416,sghirigoribj,Sari Ghirigori,lYpgfimiDd06
417,nhogginbk,Nonna Hoggin,GZSUBS2Mb
418,bmaccallesterbl,Bree MacCallester,LcVoJj
419,lclaasenbm,Lulita Claasen,GrVLO7EFvFE
420,pbohlsenbn,Pansie Bohlsen,7waCZDIoiV9Z
421,jjeromsonbo,Jarad Jeromson,PJ9Ch99G
422,nwimmsbp,Nikki Wimms,sp3ngK
423,lmaragabq,Luce Maraga,TRGyqS
424,hechalierbr,Henrie Echalier,MigT0koDt9H
425,clupartobs,Corinne Luparto,o9vkMw
426,sparsallbt,Sindee Parsall,s4QGPjnWjApz
427,zgilbeebu,Zacharias Gilbee,yk5xEAERx9u
428,ldachbv,Leanna Dach,wtyyMIL7P
429,nhealdbw,North Heald,jWHCthsxV51
430,emcclenanbx,Erin McClenan,Wzoltxc7i3l1
431,jsellimanby,Joye Selliman,cqWNug6
432,apetrellobz,Annissa Petrello,mjKopBG
433,adownesc0,Ax Downes,8Pva4ui
434,twolfendalec1,Toby Wolfendale,Toq40b
435,nellcockc2,Nils Ellcock,Qc0pSbAi3kWL
436,abyarsc3,Aretha Byars,QaDwP9y
437,afreeburnc4,Addia Freeburn,3JJcsYoQ
438,gespinheirac5,Garvin Espinheira,IgJ0bxrOyXZi
439,rbidwellc6,Rollin Bidwell,CboVKEKbNR5
440,fcanarioc7,Fonz Canario,DIQIBGO
441,cdubbinc8,Constancy Dubbin,4qWURjm
442,ahrinishinc9,Ailene Hrinishin,wilM7irZqpcz
443,mpringleca,Marci Pringle,k7QojamCBE
444,gleallcb,Gypsy Leall,qU2qtKhK
445,sriseboroughcc,Sanson Riseborough,8pMUy7Vn8gB
446,narnouldcd,Nickie Arnould,xUQEUH8xxGFv
447,ltitteringtonce,Linn Titterington,o7e0m4rtSMb
448,abuntoncf,Anstice Bunton,spa5NZy
449,kstrongecg,Kaye Stronge,4m4VNjUsv
450,msharremch,Mellie Sharrem,6Rh9FSRjvWgY
451,rfalkousci,Reid Falkous,I5D3XjFZUU
452,bneelycj,Bryn Neely,JRtyzAw0
453,nyieldingck,Nannie Yielding,KHl9Qi
454,aruddochcl,Aurelea Ruddoch,oYKX6J7lEL
455,bhayfieldcm,Brandais Hayfield,Z7S42iyRK8u
456,lfrearscn,Lenora Frears,OOu15PL
457,rhaskeyco,Randell Haskey,NSPue3OwP
458,lanfonsicp,Leonhard Anfonsi,46ANe2
459,tmatteolicq,Tedi Matteoli,p1fiOUem5
460,cavramchikcr,Cory Avramchik,GvSSf3il
461,likincs,Leia Ikin,KkBsTERU4
462,ehadlowct,Evania Hadlow,gheqxOsWk4E
463,emathivoncu,Emmett Mathivon,CzEFdMLYGH9U
464,mchaffecv,Maison Chaffe,mNA229
465,ggabrielicw,Gerhardine Gabrieli,RCFJmW7
466,bveltmanncx,Berte Veltmann,YSDJ6ecz
467,ldesforgescy,Lorette Desforges,xnZ3fD
468,nhollindalecz,Nata Hollindale,W0ImRO
469,jmichelottid0,Joelly Michelotti,oe8eS5FMaGbf
470,jcannelld1,Johna Cannell,DrDPVOy5rpT
471,cvand2,Corbin Van Eeden,O5s8Co
472,ekorbmakerd3,Emera Korbmaker,MMbhRncHLwY
473,bcorbettd4,Brittney Corbett,5WZqqs
474,tmeacherd5,Tristan Meacher,gP9sru
475,kdoudneyd6,Kessia Doudney,QxV2CG9jjnWs
476,gjoskad7,Gordon Joska,jYb9eVxv
477,hpearld8,Horatia Pearl,eLvPtXnR2N
478,kskellingtond9,Kariotta Skellington,vsWNEGnA
479,mhirtzda,Mel Hirtz,19SyoUdK
480,sknealedb,Salem Kneale,2ZKZEXbp43
481,ealeksashindc,Ella Aleksashin,X9MB5ULn03
482,amckerrondd,Ash McKerron,nTCi5EM
483,bbrimblecombede,Brocky Brimblecombe,Hc3zQdc6Fo9u
484,cflewdf,Christen Flew,Knr3NxN0nJ
485,gwessondg,Gerard Wesson,aaaWUT
486,osmithiesdh,Ofilia Smithies,ob9UwjFTR
487,kabelovdi,Keir Abelov,5YcOJex03W
488,cilyasdj,Cecile Ilyas,LsCJoU95CwI
489,dcejkadk,Dorette Cejka,zTia567FIF
490,vmctrusteydl,Vicky McTrustey,rk9CuIA
491,cstonarydm,Currey Stonary,oAL2boE
492,mmeddemmendn,Mateo Meddemmen,WAenZo
493,oskillettdo,Olenka Skillett,zTwyUBKE
494,biglesiadp,Belvia Iglesia,mrJxHLSI0iw
495,cnesbethdq,Cad Nesbeth,2XXq1mq
496,fclacdr,Fan Clac,x6Re0wGD
497,lcominods,Link Comino,QEruEUiMKs
498,llownesdt,Linnie Lownes,qfFgTuJgOjtC
499,yslyvesterdu,Yvon Slyvester,Eh8VYxPLL74O
500,nwesondv,Nealon Weson,vgI7i6TUAx
501,wposcheldw,Wendeline Poschel,QiH5NvB3Cn0D
502,fgylesdx,Fara Gyles,4qGorMnwu9
503,gmarchellody,Gwenny Marchello,Sd6xkt
504,cdavidsdz,Chrystel Davids,gg78cfUar1
505,swincklese0,Skip Winckles,ASi77BCd5z
506,gmunkse1,Gage Munks,quTW1SN
507,aferrerase2,Almeria Ferreras,bcm5in9QaQ5
508,cdellentye3,Caresa Dellenty,HcTYO6mt
509,khandleye4,Karlis Handley,G5ehDHLcWCXq
510,bchittocke5,Bryn Chittock,SHlBLa
511,vlevenee6,Vidovik Levene,StihoSQ
512,gstukingse7,Giulietta Stukings,CTdYDmueistD
513,dstedmonde8,Devy Stedmond,vlF9DYkxK
514,clewense9,Cookie Lewens,B9GEnEPD9TZ
515,rolynnea,Raffaello O'Lynn,FwLGzSm0ph
516,cromandeb,Carlita Romand,6kzlZHuy
517,morridgeec,Marcelline Orridge,1GSvAPs
518,ceasterlinged,Cornie Easterling,aQfNkFHl
519,dmchenryee,Dalton McHenry,B6PSlZnBYTB
520,pfilanef,Padget Filan,XuSpkAKb7ss
521,csehorscheg,Carey Sehorsch,gEViJ5lO
522,rstummeyereh,Reginald Stummeyer,3SX2L2
523,flefortei,Filip Lefort,NNvCYY92U
524,edundendaleej,Eziechiele Dundendale,bqR3c8e
525,asollandek,Abby Solland,aUCL0E
526,hnestorukel,Hilly Nestoruk,w0tuZYGFA6wj
527,hbartelsem,Harrietta Bartels,qvZCLtUmw
528,sscannellen,Selia Scannell,pR4zkU7t
529,gbrecknalleo,Gaylord Brecknall,BSSTVjzkeC
530,ldeniskevichep,Lauretta Deniskevich,8nOuwNSRfKy
531,hfominoveq,Hillel Fominov,rXGJaq13
532,amartinellier,Anson Martinelli,DzH2VYl5mbTA
533,eosherrines,Estrellita O'Sherrin,p45gPGOOaHv
534,kskrzynskiet,Kissee Skrzynski,MhD6Wo8HiS
535,nrestilleu,Nancie Restill,Ypftsqv
536,dkermonev,Dina Kermon,LG6LNgDSk
537,cgrubbeew,Ceil Grubbe,iJWHr8F
538,hsiemonsex,Hana Siemons,Pj3KKcYfR80
539,wdenisoey,Willy Deniso,2FpyE2hXeJ
540,cplumerez,Corette Plumer,Te5rahBU
541,dsangef0,Dasi Sange,EgSUmK3Uw
542,dgedgef1,Doro Gedge,z99NvwZahOW
543,ahalstonf2,Annmarie Halston,9DG0GJUKOyU
544,mslaughterf3,Mufi Slaughter,NpS77M3IsV
545,fterrellf4,Fenelia Terrell,BQSv3z
546,jbailissf5,Jade Bailiss,2JIq0ZW7
547,ypocklingtonf6,Yoko Pocklington,VX43mh0
548,ltredgerf7,Lani Tredger,RAcAeh
549,mallabartonf8,Maxwell Allabarton,ocU8AR
550,cdaenenf9,Cordy Daenen,nxVpYsRuR5z
551,hangricfa,Hadleigh Angric,oxAa1kxT
552,brustanfb,Betteanne Rustan,5ybf62QXeG
553,hspehrfc,Hunfredo Spehr,lwwF8OP
554,rlaidlowfd,Roland Laidlow,55olbX6VLm
555,tattewfe,Thorvald Attew,EKDT5a49dsFJ
556,triattff,Tasia Riatt,PUUzaO1IzgBw
557,hadamecfg,Hartwell Adamec,3dSvqzC
558,nsimonnetfh,Ninon Simonnet,kJZEq6ZsTX9q
559,arushmerfi,Averill Rushmer,2V3BGdM
560,kshackelfj,Kiley Shackel,o9LDrBTJn
561,swoodberryfk,Shaine Woodberry,l0e6CJe
562,dpadulafl,Drusilla Padula,mpe4XAXxjZ
563,gconnollyfm,Gan Connolly,H1H5uFL
564,tpenmanfn,Tildy Penman,5z8rRH
565,wstuddertfo,Walt Studdert,W4XRQK1otc
566,cdaviofp,Cleo Davio,nRUlnUbLU
567,tsomnerfq,Tally Somner,pq1KDYnQ5
568,hkilfederfr,Hoyt Kilfeder,erycrbIz4Mi
569,mhumfs,Marita Hum,hcubd2hpGiE7
570,jslorachft,Jim Slorach,zQ1PjseTwH78
571,scrainefu,Sonya Craine,0Lyj7fTczzo
572,apickburnfv,Armin Pickburn,LUfZolQe
573,psandlefw,Pamelina Sandle,bCQyLuVC
574,tproomfx,Tedmund Proom,nDgHOpVqg3Y
575,ascroobyfy,Alphard Scrooby,sFOAxDaKeMiz
576,dfortenfz,Dniren Forten,s5e2mWG3w
577,vransteadg0,Vick Ranstead,JissxHov
578,bchalfontg1,Bartholomew Chalfont,YZ4WxeD
579,dklulikg2,Dietrich Klulik,AHABOha
580,dbrunescog3,Danice Brunesco,B4nKum7h
581,cjentgesg4,Colver Jentges,LT920lX2
582,wmcettigeng5,Waly McEttigen,25cBKqVWa
583,dcomleyg6,Dickie Comley,Wr71N3hH
584,sdybaldg7,Sallyanne Dybald,3iXrD7
585,aneylong8,Aurore Neylon,5v17yiRcnBJs
586,ctrokeg9,Carri Troke,vTjNB7YZlMZ
587,jfilipputtiga,Jecho Filipputti,OS9YAvO
588,digoegb,Dannie Igoe,N1Q0vQS
589,rblunsengc,Renaud Blunsen,Mugwotei0l8
590,tguielgd,Timmie Guiel,xRr39GnhaG
591,kgilbanege,Kandace Gilbane,Hd2Uxkn7ihS
592,stullotgf,Silvio Tullot,nHjrCJ
593,cwroughtgg,Carolin Wrought,Kkw1B0fi7xmO
594,rsuttongh,Ruthe Sutton,iEhldl3n2
595,aduriegi,Alain Durie,1OmHDZuy
596,pmccriskengj,Perry McCrisken,dccT5qMtX7h
597,rfogelgk,Rollie Fogel,2T47UCiDl
598,aserruriergl,Annamarie Serrurier,OTAlc85CH0XN
599,pmindenhallgm,Prudi Mindenhall,nX6dxd
600,mgarrettgn,Melamie Garrett,YRgGghilh4Ag
601,btouzeygo,Bud Touzey,vmrobzoVC
602,kbirkmyregp,Kath Birkmyre,fGoxaz
603,gmarshamgq,Geralda Marsham,jgdUffN
604,bjanikgr,Buddy Janik,WPcZifcYrOC
605,rdubsgs,Ramon Dubs,DQPc3uw
606,spickhavergt,Sergei Pickhaver,nMZ0n9
607,fhakeygu,Feodora Hakey,xMyr26ki
608,fgaishgv,Frasquito Gaish,1vYensjvgLAf
609,bduffergw,Brok Duffer,wKckW8zTWh
610,mpauntongx,Maddy Paunton,YOQdCK3p
611,lgavozzigy,Ly Gavozzi,Iq9K4EeU
612,fconnockgz,Federico Connock,jlJyezr6K7VH
613,bmacroh0,Bonni Macro,dtc0M6x3FBk
614,jdockreyh1,Jacqueline Dockrey,0v2SZ3cA8rZh
615,nfrydh2,Niki Fryd,NI1C3pC2rHDv
616,emorlonh3,Elane Morlon,iAoQc0XSKA6
617,rfordyceh4,Rickie Fordyce,jEyJcQESt
618,rgreberth5,Reece Grebert,LCKHFiO1PcY0
619,tlightningh6,Trumaine Lightning,pyiY3oT8Wzi9
620,dhobellh7,Dyana Hobell,IvfmLA
621,bvoulsh8,Berti Vouls,I7uoE7P0LNvw
622,gpericoh9,Gino Perico,y7OREg4
623,kwattsha,Keenan Watts,AcywmbsoID6
624,lgrigoronihb,Liva Grigoroni,MAri7EckaB
625,jmesnardhc,Jude Mesnard,k420wE
626,risoldihd,Romain Isoldi,RSZ3OA6Lq
627,kpaskehe,Ketti Paske,3yfCyIOEJqKP
628,eflipsenhf,Ernst Flipsen,cqIYf5BFcAk
629,wpaviahg,Wynnie Pavia,v7y82GPDFb
630,rdafyddhh,Rafferty Dafydd,3SluWOSn
631,rmeriotthi,Rosemary Meriott,3KoUUEs7fA
632,adavidovitchhj,Asa Davidovitch,pZetYUG3dRDD
633,ycomforthk,Yuri Comfort,hOSAMZUc
634,jbeynehl,Jarrett Beyne,JDKdT4VOyg5D
635,eberhm,Eldon Ber,Ug8Y7nFsB
636,droglierohn,Dorree Rogliero,6cmL8M1AWl
637,dfirbanksho,Darelle Firbanks,xHPsepRvjZH
638,bcunniamhp,Brigitte Cunniam,L9W4QZ0cllw
639,jboyethq,Jada Boyet,2plXJC
640,talelsandrovichhr,Tasha Alelsandrovich,qhMU0Mx254
641,jmunths,Jade Munt,6oPGQF5DfK
642,rhagartht,Ring Hagart,uvgIQC
643,lsimoneschihu,Lois Simoneschi,VGZuA83ncQ
644,dcausnetthv,Dieter Causnett,dyHSZcoZO
645,hlightwoodhw,Hamil Lightwood,IPMU8gu7Rk
646,nbrittleshx,Nerty Brittles,KD9053KBh
647,smcaughtriehy,Sarah McAughtrie,eEsEk8P
648,mtoppinhz,Martie Toppin,KDMMt5C9
649,hbeardsworthi0,Hamil Beardsworth,jGVNSgsN
650,gbransgrovei1,Glenna Bransgrove,7DMqGd1i
651,lrappai2,Leslie Rappa,Y2qmW7phZ
652,emitchami3,Emelda Mitcham,asPIbE
653,asketcheri4,Aubrette Sketcher,XAe3AsRvS4Hy
654,scordeti5,Sansone Cordet,vx4VvaWa63
655,nriddeli6,Noel Riddel,AWzJBh1
656,sscouleri7,Sollie Scouler,x24YvJKjb1
657,ooliviei8,Onfre Olivie,DQLXGrHcb5
658,hmacarthuri9,Hillary MacArthur,RP0MN3rf
659,gpuddinia,Garvy Puddin,AFRk1nM5Ytl
660,ktallynib,Kristopher Tallyn,Jcrz2ZvO
661,cbeathemic,Claribel Beathem,xhl2imPI3
662,gbleasdilleid,Gisela Bleasdille,lPw7FiSAj
663,dcowlinie,Dukie Cowlin,F730tx
664,btroopif,Boy Troop,M323QHkS0GGh
665,lsteersig,Leigh Steers,x6KlpDHlW
666,omcalpineih,Olia McAlpine,1d4npZzpM
667,opointinii,Orelee Pointin,7yY6pqVmtS
668,amatushenkoij,Alvis Matushenko,6qE5Xi
669,cbasfordik,Chris Basford,zhE0xbAPJp
670,dmclanaghanil,Dorry McLanaghan,CbJMi2YYo
671,jsagrottim,Johnnie Sagrott,B8MXK1f
672,clairdcraigin,Cilka Laird-Craig,6yqnI4B5n
673,imewittio,Iain Mewitt,i4LS9tu4
674,srosenblattip,Sollie Rosenblatt,10QKy4UQnR
675,lapplegarthiq,Lukas Applegarth,raJlWt3
676,hfraczakir,Hanny Fraczak,1MjsQv
677,rhuwsis,Ralina Huws,NmHiJtFA5P5G
678,ldeit,Lesya de Copeman,0DqegXkTBmHf
679,vcrosscombeiu,Viola Crosscombe,oop7hux
680,llapthorniv,Leslie Lapthorn,xAJ0FIlq
681,dlinfieldiw,Deane Linfield,B7oGIlfIF
682,rdaouzeix,Roseanne Daouze,f29wsIDg
683,zbexoniy,Zacharias Bexon,f0NemZ
684,srainsdeniz,Sallyann Rainsden,4Oei8BMh
685,wcanterj0,Winny Canter,SSx116w6HTh0
686,muphamj1,Maddie Upham,eoiGPc
687,rtestinj2,Rivy Testin,pTCaOh
688,jkeverenj3,Jennilee Keveren,2gwxb1U
689,vbullentj4,Valencia Bullent,kLLbNVDIrZi
690,omccasterj5,Orbadiah McCaster,xr8O6XYL4GP
691,gkistingj6,Gusti Kisting,Lu69rK
692,dinklej7,Darrick Inkle,MqCliIly5LE
693,dtrebyj8,Daffie Treby,0uXWC2
694,chutsonj9,Ceciley Hutson,7xuXzLr
695,nhuygensja,Nathanial Huygens,ccnNLWJF
696,rjewerjb,Roxi Jewer,fjCgmc
697,hcradickjc,Hedwig Cradick,HJWeuvf3kf
698,lkilnerjd,Lorri Kilner,qSY7RHbxTR2j
699,dstegellje,Dinny Stegell,HiGvlO70Ykb
700,ahyronsjf,Anstice Hyrons,fxGUNA
701,jmcguirejg,Juline McGuire,Bxud0kVw
702,ntredwelljh,Nert Tredwell,II3zQ0axXx
703,rellinghamji,Rayner Ellingham,dFPZaF8pgD
704,feynonjj,Forester Eynon,BeWkD77Oq
705,rmacrowjk,Ric Macrow,QhMvbL
706,lbeavanjl,Lester Beavan,8P34WLYOK
707,sdejm,Silvie De Carlo,GLBftGu
708,epetriellojn,Elston Petriello,qpHNLD
709,vsuddockjo,Vivia Suddock,6PbmKz
710,jkennellyjp,Jerrold Kennelly,fQyWAjrl9X
711,sbyngjq,Shelli Byng,TM38ZqRW
712,ebrinklowjr,Elwin Brinklow,Jl2CO03IySD
713,bteaguejs,Byrann Teague,WzDvYik
714,jwignalljt,Joey Wignall,iqIaWXM4
715,ccullenju,Cecilla Cullen,0WuZhsp4ZT
716,mforthjv,Mitchell Forth,ta9OCmKmlwkB
717,noughtonjw,Nickie Oughton,VHjvotrUYXX
718,vaschjx,Vite Asch,ihedJAy1WxQy
719,tkinmondjy,Tabbitha Kinmond,Udm79NNcRI
720,lsummersbyjz,Law Summersby,9TSIb7N0s
721,hdeshortsk0,Hortense Deshorts,5f5o2UKTcar
722,jhughesdonk1,Jacklyn Hughesdon,daY0iSd8
723,omenauteauk2,Orrin Menauteau,sNaxAfkykXc
724,bdenningk3,Byrle Denning,hwjBdeayWMXV
725,aokeeffek4,Agnes O'Keeffe,5YRz1Vk
726,flovellk5,Faulkner Lovell,LvDpBpJECC1f
727,mreak6,Melloney Rea,BA4ATmpXzlKO
728,rvinecombek7,Roscoe Vinecombe,aVm5KEZbn9Nd
729,cweldsk8,Clerkclaude Welds,BytmRHJBF6Z
730,tcantwellk9,Timothee Cantwell,UpLqDa8M5Kt
731,cwreakeska,Coriss Wreakes,cDLjovL
732,ltonkinsonkb,Laurice Tonkinson,CmHSQ09t6
733,mfoatkc,Montgomery Foat,ZJlc6iHEF4
734,bsowoodkd,Blaine Sowood,ToQT48di9gu3
735,jballchinke,Jen Ballchin,LT8a5Te7s6qZ
736,hhouldcroftkf,Hattie Houldcroft,amrrHV
737,fvittorikg,Frasier Vittori,oocZSxW01d
738,ccluerkh,Crawford Cluer,d0B0XMTZuk
739,opatchettki,Ozzy Patchett,5PZzo1i0
740,rwoolmorekj,Rick Woolmore,i296Uvt
741,mfarninkk,Maynord Farnin,DPivT6
742,dpyperkl,Dacie Pyper,WxK5t63DRxe
743,lcockettkm,Laural Cockett,0YM60mYe0o
744,jmckearnenkn,Jacki McKearnen,nHQ5xB4wq
745,jcrumleyko,Jolynn Crumley,TXh3ok1Z
746,greapekp,Giustina Reape,egv3ZT
747,akivelhankq,Arabele Kivelhan,BN4cDQ
748,jtowsekr,Jaymee Towse,7160yFIYyi
749,lgiraudeauks,Levey Giraudeau,dRQleGlx
750,kpurdonkt,Kissiah Purdon,Rvddeuz1D7wv
751,ngibbesonku,Nicola Gibbeson,GkD1v2h97IM2
752,cpilkintonkv,Cherrita Pilkinton,KzgdowWhl
753,fgyurkovicskw,Fidelity Gyurkovics,u82X8TMe
754,ykubukx,Yelena Kubu,5VvZNI1
755,thugginsky,Tomi Huggins,z8K0DoGbIo
756,ffairekz,Farand Faire,ajsdXKGeIM
757,jevemyl0,Judie Evemy,8TLkUzx
758,mtunniclissel1,Murielle Tunniclisse,8zZtTVie1Nv
759,apaskinsl2,Adina Paskins,csMJiDAc1Z
760,rmullardl3,Randolph Mullard,VA5qrQbYMKjZ
761,nhaskeyl4,Noell Haskey,vcRJyOsmR
762,tbreensl5,Torrie Breens,w08UIj81PM0V
763,aroystonl6,Alene Royston,IbeC2Uk
764,fgraithl7,Freddy Graith,Em6ImPN
765,ghathawayl8,Gun Hathaway,korCjM
766,cjadol9,Conant Jado,PryJr9Ccm
767,fmcdermottrowla,Frasier McDermott-Row,sRr4yhf0EF
768,dhubbucklb,Donia Hubbuck,krX2Mf
769,jvillierslc,Jeniffer Villiers,c6fZcrEGJmy
770,jkenworthyld,Jordan Kenworthy,ZLb82AKiq
771,fnovicle,Frasco Novic,nANeukxC
772,ahobbertlf,Aloysia Hobbert,HiKR3H
773,ecrombleholmelg,Ervin Crombleholme,90fUqht59H
774,ktaintonlh,Kathryne Tainton,1mJ5lnJ
775,eciottoli,Emmy Ciotto,cQvvxrS33eK
776,bfairmanlj,Blanche Fairman,SAEBctVSs
777,aduffynlk,Aguistin Duffyn,9yUyenavH9e
778,lgibbettll,Laetitia Gibbett,eAhgE6
779,sbenzinglm,Shanna Benzing,I8AVu1
780,pgoodburln,Perl Goodbur,XI4N2JLF
781,gmackrelllo,Gil Mackrell,VwAqvJF1
782,fmarzellolp,Farlay Marzello,YARxjvshF
783,fkillelq,Farica Kille,tLbk5Y
784,nnotmanlr,Norris Notman,GR1RQ4zSyh
785,ggiroldils,Glynda Giroldi,kpSElI09
786,cbengerlt,Cross Benger,gfDenkx3L
787,jpolglazelu,Jackson Polglaze,5gxprWaaSRD
788,mchesworthlv,Mendie Chesworth,hc0G1CI11h0
789,bciccoloilw,Berni Ciccoloi,fZQl5xKd
790,cbailleslx,Cherise Bailles,YVGssChtO
791,nwonterly,Noellyn Wonter,xmb0W9Z
792,allewelynlz,Ara Llewelyn,duG3VEWSQU12
793,lberthem0,Lawry Berthe,lvVf15un
794,lwhyliem1,Lucine Whylie,d0gQwPup
795,mmeddemmenm2,Marchelle Meddemmen,hwhcYH1v
796,rtwiddym3,Ricki Twiddy,PNUl9MNW4K
797,awisdishm4,Allx Wisdish,NvIm0G
798,ckiddsm5,Cordelie Kidds,tsCQpyWNTca
799,wdemanchem6,Win Demanche,hnRMgaHMHm
800,mhatchmanm7,Mackenzie Hatchman,o4iufKRF
801,dwoodm8,Daffie Wood,0GAM1mV
802,kseverym9,Karlen Severy,YwUojM
803,citscovitzma,Chad Itscovitz,fAMoTGpPf
804,mcalbertmb,Melamie Calbert,s9QScB8u
805,mchishullmc,Maud Chishull,hcrl8DvU
806,kmiddlebrookmd,Katina Middlebrook,r5CdaLbDOBgv
807,ybadrockme,Yank Badrock,MB7nD3LvA9D
808,clindupmf,Cyril Lindup,ejIEnuC
809,kwhieldonmg,Katine Whieldon,9i3so5TADVM
810,sdomh,Sofie Do,nyR6fIxwO
811,egeekiemi,Eddie Geekie,tuYLeKMUf2e
812,mcundemj,Malinda Cunde,ae5Hff8XVK0A
813,africkemk,Aubrette Fricke,fDuCmVZO1
814,lwanklinml,Lauretta Wanklin,3lpOlwfiW
815,wfevermm,Waldon Fever,VTqsMiijcWk
816,gmcilheranmn,Gabi McIlheran,JYn5sBZDK
817,iwhanstallmo,Inigo Whanstall,YkERtfY
818,ggounelmp,Garrek Gounel,JNAm9pMr
819,nnealemq,Norry Neale,Yi3JOA7ycE
820,glovickmr,Guendolen Lovick,DJHaWeA1qFmH
821,tstoneyms,Tonye Stoney,yQ92UtogL
822,xramamt,Xaviera Rama,5G0hlq2xkWP
823,bculpmu,Brynna Culp,BR65s3
824,zworsellmv,Zenia Worsell,Q1b0ny3i2
825,beglintonmw,Bess Eglinton,qdYa393bd0wg
826,rspinigemx,Reinold Spinige,E7JZbU8PbvI
827,mfollanmy,Moises Follan,1gzlR63j
828,mchardinmz,Mile Chardin,E6ZU8kZEK
829,tpetrikn0,Townie Petrik,FWqEdFTAERHx
830,lmilellan1,Leandra Milella,V4xYNxdGO
831,djirickn2,Dosi Jirick,Twcpoyvri7
832,mclimern3,Morey Climer,b7bWgU
833,ngiacomin4,Nicoline Giacomi,q0o0hk
834,cdeekesn5,Cullie Deekes,4iUHOSF4CUw
835,wdowsen6,Woodman Dowse,Kwavyk0j
836,sjosephin7,Siana Josephi,T6jC9CKh
837,tdimitrescun8,Tiphanie Dimitrescu,jdpPH4tTx
838,swiddowsn9,Sabrina Widdows,oUurLZkmhR3g
839,rkarlqvistna,Riki Karlqvist,SRJ02UW4
840,dmacbreartynb,Donielle MacBrearty,rxx74B5HOC
841,vbradwellnc,Violetta Bradwell,vPeAWDp
842,jpashend,Jodi Pashe,C98v6noP
843,apenvardenne,Alayne Penvarden,txJPSOkG
844,jsartonnf,Jens Sarton,oQqQ0VnPVa0O
845,msherredng,Mar Sherred,xpwUILkuuNi
846,ahorsefieldnh,Adriana Horsefield,f7PVNI5HGzUj
847,wsifflettni,Worthington Sifflett,ZzXHREXShSJ
848,radrainnj,Roley Adrain,tlJxOXj
849,ccorraonk,Carmelina Corrao,LGCMKkYQDEy
850,kheersmanl,Kahlil Heersma,xoTPtgaSdE
851,vfachenm,Vernen Fache,yNdacnABtd
852,thearenn,Titos Heare,YS1UXT
853,tmessamno,Temp Messam,xBChKWy
854,gwhitchernp,Giuditta Whitcher,58cdms0K3ZNZ
855,mhannennq,Marin Hannen,qPcIQSTa
856,mhebbsnr,Murvyn Hebbs,4xozEchhv
857,qshalcrasns,Quintana Shalcras,svSRKjRzLvY5
858,bduddannt,Burch Duddan,BdDUXTm9UXZu
859,geydennu,Gipsy Eyden,bVdhmCJRhS
860,dcrimpnv,Devlen Crimp,IpwDBYOizIV
861,iwooffindennw,Ignacius Wooffinden,9d5kGHhsYuyn
862,jmarzellonx,Jervis Marzello,dGeWqy
863,cdohmerny,Clare Dohmer,mzO9sSAP
864,kelintunenz,Kissie Elintune,6RSwJzdEEVk
865,ccluetto0,Camey Cluett,sOgaJeyOaJ8G
866,dayrso1,Derrick Ayrs,IS0ZHpLzB
867,cvedmoreo2,Calley Vedmore,XeZuiZ
868,eoguzo3,Ennis Oguz,w6f1T6K
869,aschutto4,Albina Schutt,rkObWspLD
870,dgindghillo5,Durand Gindghill,hdIDdiuKf
871,mreynaldso6,Myrilla Reynalds,2cPKSk
872,rcutillo7,Ruy Cutill,cLS18TRU
873,eshoebothamo8,Enrichetta Shoebotham,Tal1qQX4Bvc
874,nrodgersono9,Nicolais Rodgerson,alTJsou
875,bmckoyoa,Bunny McKoy,yfAhfy13z
876,eantwisob,Erma Antwis,2kd0aXmj8
877,ccormackoc,Cyndia Cormack,7093nZ69N3G2
878,ngawthorpeod,Noreen Gawthorpe,8FgKn8i
879,aorgilloe,Ajay Orgill,MtJ64rBAMnV
880,sstannasof,Sadie Stannas,pVH4ink
881,cretallickog,Calvin Retallick,wW1t7CO5
882,gmacknielyoh,Georgi MacKniely,PI3EXMrlR
883,mthredderoi,Mayer Thredder,ivOIv0OAPe
884,sainsleyoj,Sheeree Ainsley,BTTfDku0nM
885,kklimowiczok,Keeley Klimowicz,UVDIbyZ6cpLV
886,cewensol,Caitlin Ewens,wR9aoW3kARt
887,dsapsedom,Dicky Sapsed,fFCls7j75
888,cbedsonon,Currey Bedson,9iKkUC
889,nduffelloo,Nataniel Duffell,Q2mp75Lb
890,aackerleyop,Arch Ackerley,gm0QJH
891,tlashmaroq,Thom Lashmar,Gd1GeJOr1
892,mhollyaror,Mariann Hollyar,OrV0rC8kl7mq
893,amcawos,Alikee McAw,ox9nbmtOi
894,wmcbainot,Whitney McBain,PGpzdp1
895,mgeorgiadesou,Margarette Georgiades,tVKndzNp
896,bsealsov,Boycie Seals,lNt2jI6Q5b1
897,psattinow,Pietro Sattin,ub3ptjx5
898,acoverlynox,Ailis Coverlyn,selhKc5XA
899,awiszniewskioy,Alethea Wiszniewski,KNW5JYe5y8
900,ffaneoz,Ford Fane,xyl8OVaeUP
901,jringerp0,Justis Ringer,HuGj7Zn0
902,ctoothillp1,Cordie Toothill,5dxX1Fg
903,orycraftp2,Orlan Rycraft,ANXkPj
904,lstoylep3,Lamar Stoyle,anh77u6
905,teaggerp4,Timothea Eagger,USYOCYHx
906,wbarracloughp5,Winn Barraclough,CpT9Yg2SyN
907,sdruryp6,Sarah Drury,HuZnQcTaBoo
908,wmartinip7,Wilmer Martini,rwpgTqC6kdY
909,dboshellp8,Dermot Boshell,z3L2Xt
910,mwarkp9,Maye Wark,u7bmgSawbbq
911,swyethpa,Saraann Wyeth,oEoNFH
912,msammondspb,Mozes Sammonds,ZObgyB
913,dchatelotpc,Dori Chatelot,ycS8xatCnR3
914,bquartonpd,Biron Quarton,An4cnv
915,dsunmanpe,Dede Sunman,exZZJPeeG
916,pscrinepf,Perle Scrine,Fd9kup8DM6Mc
917,kplascottpg,Kathi Plascott,iybpaY
918,tquadrioph,Timoteo Quadrio,I38Etm3
919,acrosscombepi,Annora Crosscombe,HeuengNLyn5N
920,fjeremiahpj,Frasier Jeremiah,hDXwKkd
921,ecreamerpk,Emmett Creamer,M8jxSZd8c5
922,njammepl,Nancie Jamme,DNKxoQl4e
923,hwiltshearpm,Hadria Wiltshear,zrcr6o
924,mwillettspn,Maxie Willetts,ibnCaaCuO
925,kcassidypo,Kit Cassidy,xx3xmGha
926,phoworthpp,Peria Howorth,oUKHhbluILHv
927,tswatheridgepq,Tedra Swatheridge,XETXaAa05UM0
928,bsturtpr,Baldwin Sturt,9Lubp59pyr
929,cchadburnps,Claudell Chadburn,8PqYpe8
930,mgaiterpt,Maighdiln Gaiter,ZYrLorMAlAJ4
931,wsamettpu,Wileen Samett,VdsvRpav
932,vschapiropv,Velvet Schapiro,iXJPLUzC
933,apavelkapw,Alessandro Pavelka,F51Nel4Z1Rn5
934,jdelouchpx,Janette Delouch,glUZ2PdAB7E5
935,adyballpy,Alvis Dyball,6Ao1exH71
936,mklugerpz,Merill Kluger,96yY36
937,aadamiakq0,Annemarie Adamiak,bu3owq0yspap
938,tphelpsq1,Tuesday Phelps,0W3m0pTWsF
939,mmcmenamieq2,Moss McMenamie,iPujWrtg
940,jspellmanq3,Jerrilyn Spellman,ysqx0lL
941,gknewstubbq4,Gaultiero Knewstubb,Mv4crD
942,frhuleq5,Fionnula Rhule,ge6kA0V
943,cjannequinq6,Chester Jannequin,TRWVOCb9iy
944,lmcdonnellq7,Lena McDonnell,hwDwhL
945,vferrarq8,Veronika Ferrar,QGuKKeLF3
946,ugascoineq9,Una Gascoine,bvlSz6iEsHWT
947,jmcsparranqa,Jamaal McSparran,rIAcsxfG2
948,ctilioqb,Creighton Tilio,s4crw0
949,rdriuttiqc,Ranee Driutti,dpbiyf
950,smanzqd,Sherie Manz,gw0oDGmm7u
951,bwortqe,Bronnie Wort,DRSVBqX
952,hbirkwoodqf,Hughie Birkwood,PUBXtpNzdD
953,tchazetteqg,Teri Chazette,SyceziL1
954,bcortinqh,Bibi Cortin,PNxU6iB
955,gberriballqi,Georgy Berriball,VJFJP698mQU
956,nroyceqj,Nana Royce,DRmbHUl4ARxl
957,jexleyqk,Jocko Exley,7RVDpS0
958,coakebyql,Chantalle Oakeby,DSWxnXy
959,shaulkhamqm,Stefa Haulkham,5ymro39
960,gdanilowiczqn,Gael Danilowicz,OWEVUvbm2
961,mearngyqo,Malchy Earngy,whd6w0
962,pbratchellqp,Portia Bratchell,9ELz1mw
963,asylvaineqq,Angelika Sylvaine,teuYkJu
964,gmonkemanqr,Gregor Monkeman,KOdSIue
965,bjosilowskiqs,Bennie Josilowski,MaC63tEa
966,jstonerqt,Joannes Stoner,mlCteMl8gPK
967,epitkinsqu,Ennis Pitkins,MMS6TScTmU
968,mlafeeqv,Marquita Lafee,O0OkmhtH
969,nskedgellqw,Nikolai Skedgell,YEZLEQfI
970,lwinfindaleqx,Lowell Winfindale,sKVvszkD
971,rtarbertqy,Rodie Tarbert,AAcldFSnNWdX
972,eputtickqz,Elly Puttick,TxWpPsnW
973,phollowr0,Pace Hollow,qI6F8d0gmlc
974,vbeswellr1,Vasily Beswell,VtfSeF7iCo0f
975,eliebermannr2,Elita Liebermann,YCg9o7RI
976,ubumphreyr3,Udell Bumphrey,ItqjJQILlaQc
977,dhenrysonr4,Del Henryson,3bsQX7EYZ
978,gscreaser5,Glenda Screase,CTTuTAHrLm
979,admtrovicr6,Amandy Dmtrovic,rYIUPk7
980,syurkevichr7,Sisile Yurkevich,xNwC6VMlnb
981,clowryr8,Constancia Lowry,G8i5cz
982,clashbrookr9,Carney Lashbrook,Iq5BQiw
983,fspauntonra,Foster Spaunton,FhbWTl1ysyZ
984,osainzrb,Olin Sainz,NBfg6hJ
985,gkilmartinrc,Gualterio Kilmartin,lONHAZ6SB
986,sfrusherrd,Shermie Frusher,rVIGN3Dd
987,rbarriere,Rab Barrie,53qclH
988,mgecksrf,Malynda Gecks,iX3oRV
989,jguillouxrg,Jamey Guilloux,XMuHRyeW
990,lenricrh,Linzy Enric,x7xElDE
991,mubankri,Mariette Ubank,vY0wICa7y
992,wcheersrj,Wynnie Cheers,I051hNqj
993,etythacottrk,Erie Tythacott,Gw98zVOS
994,rcrosthwaiterl,Reagan Crosthwaite,vlAQHFuKxe
995,mhelgassrm,Marinna Helgass,Wnkv9Y
996,csumpterrn,Chicky Sumpter,cFId5jxCr7yf
997,kgreadyro,Killie Gready,0R549i
998,sbretonrp,Sutherlan Breton,NnZ5oJX
999,kmorbeyrq,Kylen Morbey,qLi9NKiyyFO7
1000,slanchesterrr,Saree Lanchester,6Tpc7Pa7W
